Workbook

Sheet ★보고서
C3: 여남동 일일현황보고 | H3: 신용산 | J3: 점 | N3: ='0.기초및고정비'!C4 -> 2026년 | P3: 4 | Q3: 26 | S3: 월 영업일 | U3: ='0.기초및고정비'!E4 -> 30
C5: 목표 매출액 | E5: ='0.기초및고정비'!G4 -> 0 | G5: 달성율 | H5: =IFERROR(E6/E5,0) -> 0 | K5: 손 익 현 황 | N5: 당일 | Q5: =IFERROR(N6/F9,0) -> 0.048522865 | R5: 월 누적 | U5: =IFERROR(R6/H9,0) -> 0.30043296
C6: 월 누적매출액 | E6: =H9 -> 82874500 | N6: =F9-N9 -> 117425.33 | R6: =H9-R9 -> 24898231
C8: 수 입 합 계 | F8: 당일 | H8: 월 누적 | K8: 지 출 합 계 | N8: 당일 | R8: 월 누적
F9: =SUM(F10:G15) -> 2420000 | H9: =SUM(H10:I15) -> 82874500 | N9: =SUM(N10:P29)+O30+O48+SUM(N50:P71) -> 2302574.7 | Q9: =IFERROR(N9/F9,0) -> 0.95147713 | R9: =SUM(R10:T29)+S30+S48+SUM(R50:T71) -> 57976269 | U9: =IFERROR(R9/H9,0) -> 0.69956704
C10: 순매출액 | D10: 카드매출 | F10: =IFERROR(VLOOKUP($Q$3,'1.매출'!$A$5:$Y$35,5,0),0) -> 2362000 | H10: ='1.매출'!F36 -> 73220500 | K10: 원재료 | L10: 식자재 | M10: ='3.원,부재료'!C5 -> 청정 | N10: =IFERROR(VLOOKUP($Q$3,'3.원,부재료'!$A$7:$S$37,3,0),0) -> 0 | Q10: =IFERROR(N10/$F$9,0) -> 0 | R10: ='3.원,부재료'!C38 -> 5889634 | U10: =IFERROR(R10/$H$9,0) -> 0.071066902 | V10: =SUM(U10:U23) -> 0.29058437
D12: 현금매출 | F12: =IFERROR(VLOOKUP($Q$3,'1.매출'!$A$5:$Y$35,7,0),0) -> 58000 | H12: ='1.매출'!G36 -> 5568000 | L12: 수산 | M12: ='3.원,부재료'!D5 -> 오대양 | N12: =IFERROR(VLOOKUP($Q$3,'3.원,부재료'!$A$7:$S$37,4,0),0) -> 1149300 | Q12: =IFERROR(N12/$F$9,0) -> 0.47491736 | R12: ='3.원,부재료'!D38 -> 14969150 | U12: =IFERROR(R12/$H$9,0) -> 0.18062432
D14: 배달/기타/페이매출 | F14: =IFERROR(VLOOKUP($Q$3,'1.매출'!$A$5:$Y$35,14,0),0)+IFERROR(VLOOKUP($Q$3,'1.매출'!$A$5:$Y$35,18,0),0) -> 0 | H14: ='1.매출'!N36+'1.매출'!R36 -> 4086000 | L14: 기타식자재 | M14: 다수 | N14: =IFERROR(VLOOKUP($Q$3,'3.원,부재료'!$A$7:$S$37,5,0),0)+IFERROR(VLOOKUP($Q$3,'3.원,부재료'!$A$7:$S$37,6,0),0)+IFERROR(VLOOKUP($Q$3,'3.원,부재료'!$A$7:$S$37,7,0),0)+IFERROR(VLOOKUP($Q$3,'3.원,부재료'!$A$7:$S$37,8,0),0)+IFERROR(VLOOKUP($Q$3,'3.원,부재료'!$A$7:$S$37,9,0),0) -> 0 | Q14: =IFERROR(N14/$F$9,0) -> 0 | R14: ='3.원,부재료'!E38+'3.원,부재료'!F38+'3.원,부재료'!G38+'3.원,부재료'!H38+'3.원,부재료'!I38 -> 2021700 | U14: =IFERROR(R14/$H$9,0) -> 0.024394717
D16: 할 인 | F16: =-IFERROR(VLOOKUP($Q$3,'1.매출'!$A$5:$Y$35,9,0),0) -> 0 | H16: =-'1.매출'!I36 -> 0 | L16: 데일리 체크 | M16: ='3.원,부재료'!O4 -> 0 | N16: =IFERROR(VLOOKUP($Q$3,'3.원,부재료'!$A$7:$S$37,15,0),0) -> 0 | Q16: =IFERROR(N16/$F$9,0) -> 0 | R16: ='3.원,부재료'!O38 -> 0 | U16: =IFERROR(R16/$H$9,0) -> 0
D18: 서비스 | F18: =-VLOOKUP($Q$3,'1.매출'!$A$5:$P$35,10,0) -> 0 | H18: =-'1.매출'!J36 -> 0 | M18: ='3.원,부재료'!P4 -> 0 | N18: =IFERROR(VLOOKUP($Q$3,'3.원,부재료'!$A$7:$S$37,16,0),0) -> 0 | Q18: =IFERROR(N18/$F$9,0) -> 0 | R18: ='3.원,부재료'!P38 -> 0 | U18: =IFERROR(R18/$H$9,0) -> 0
L20: 본사구매 | N20: =IFERROR(VLOOKUP($Q$3,'3.원,부재료'!$A$7:$S$37,18,0),0) -> 0 | Q20: =IFERROR(N20/$F$9,0) -> 0 | R20: ='3.원,부재료'!R38 -> 858950 | U20: =IFERROR(R20/$H$9,0) -> 0.010364467
C21: 품목별 매출 | D21: 메뉴 | F21: =VLOOKUP($Q$3,'1.매출'!$A$5:$Y$35,20,0)+VLOOKUP($Q$3,'1.매출'!$A$5:$Y$35,21,0)+VLOOKUP($Q$3,'1.매출'!$A$5:$Y$35,22,0) -> 0 | H21: ='1.매출'!T36+'1.매출'!U36+'1.매출'!V36 -> 0
L22: 현장구매(카드/시재) | N22: =IFERROR(VLOOKUP($Q$3,'3.원,부재료'!$A$7:$S$37,19,0),0) -> 0 | Q22: =IFERROR(N22/$F$9,0) -> 0 | R22: ='3.원,부재료'!S38 -> 342600 | U22: =IFERROR(R22/$H$9,0) -> 0.0041339616
D23: 주류 | F23: =VLOOKUP($Q$3,'1.매출'!$A$5:$Y$35,23,0)+VLOOKUP($Q$3,'1.매출'!$A$5:$Y$35,24,0) -> 0 | H23: ='1.매출'!W36+'1.매출'!X36 -> 0
K24: 부재료 | L24: 주류 | N24: =IFERROR(VLOOKUP($Q$3,'3.원,부재료'!$A$7:$S$37,10,0),0) -> 0 | Q24: =IFERROR(N24/$F$9,0) -> 0 | R24: ='3.원,부재료'!J38 -> 4750210 | U24: =IFERROR(R24/$H$9,0) -> 0.057318114 | V24: =SUM(U24:U29) -> 0.061601699
D25: 기타 | F25: =IFERROR(VLOOKUP($Q$3,'1.매출'!$A$5:$Y$35,25,0),0) -> 0 | H25: ='1.매출'!Y36 -> 0
L26: 음료 | N26: =IFERROR(VLOOKUP($Q$3,'3.원,부재료'!$A$7:$S$37,13,0),0) -> 0 | Q26: =IFERROR(N26/$F$9,0) -> 0 | R26: ='3.원,부재료'!M38 -> 355000 | U26: =IFERROR(R26/$H$9,0) -> 0.0042835854
C28: 고객정보 | D28: 영수건수 | F28: =VLOOKUP($Q$3,'1.매출'!$A$5:$Y$35,11,0) -> 20 | H28: ='1.매출'!K36 -> 643 | L28: 기타주류 등 | N28: =IFERROR(VLOOKUP($Q$3,'3.원,부재료'!$A$7:$S$37,11,0),0)+IFERROR(VLOOKUP($Q$3,'3.원,부재료'!$A$7:$S$37,12,0),0) -> 0 | Q28: =IFERROR(N28/$F$9,0) -> 0 | R28: ='3.원,부재료'!K38+'3.원,부재료'!L38 -> 0 | U28: =IFERROR(R28/$H$9,0) -> 0
D30: 고객수 | F30: =IFERROR(VLOOKUP($Q$3,'1.매출'!$A$5:$Y$35,12,0),0) -> 20 | H30: ='1.매출'!L36 -> 613 | K30: 인건비 | L30: 정직원 | M30: 근무 | N30: =IFERROR(HLOOKUP($Q$3,'2-2.근무표'!$F$50:$AK$59,2,0),0) -> 4 | O30: =IFERROR(HLOOKUP($Q$3,'2-2.근무표'!$G$62:$AK$84,23,0),0) -> 625076.33 | Q30: =IFERROR(O30/$F$9,0) -> 0.25829601 | R30: =COUNTA('2-1.직원현황'!C5:C14) -> 3 | S30: ='2-2.근무표'!AL84 -> 14891985 | U30: =IFERROR(S30/$H$9,0) -> 0.17969321 | V30: =SUM(U30:U49) -> 0.25566953
D32: 테이블 단가 | F32: =IFERROR(F9/F28,0) -> 121000 | H32: =IFERROR(H9/H28,0) -> 128887.25 | M32: 휴무 | N32: =IFERROR(HLOOKUP($Q$3,'2-2.근무표'!$F$50:$AK$59,3,0),0) -> 0
M34: 월차/반차 | N34: =IFERROR(HLOOKUP($Q$3,'2-2.근무표'!$F$50:$AK$59,4,0),0) -> 1
C35: 현금시재 | D35: =IFERROR(VLOOKUP($Q$3,'6.마감사항'!$A$6:$I$36,2,0),0) -> 0
M36: 무단무급 | N36: =IFERROR(HLOOKUP($Q$3,'2-2.근무표'!$F$50:$AK$59,5,0),0) -> 0
D37: 십만원 | E37: 오만원 | F37: 만원 | G37: 오천원 | H37: 천원 | I37: 오백원/백원
M38: 권장휴무 | N38: =IFERROR(HLOOKUP($Q$3,'2-2.근무표'!$F$50:$AK$59,6,0),0) -> 0
D39: =VLOOKUP($Q$3,'6.마감사항'!$A$6:$S$36,3,0) -> 0 | E39: =VLOOKUP($Q$3,'6.마감사항'!$A$6:$S$36,4,0) -> 0 | F39: =VLOOKUP($Q$3,'6.마감사항'!$A$6:$S$36,5,0) -> 0 | G39: =VLOOKUP($Q$3,'6.마감사항'!$A$6:$S$36,6,0) -> 0 | H39: =VLOOKUP($Q$3,'6.마감사항'!$A$6:$S$36,7,0) -> 0 | I39: =VLOOKUP($Q$3,'6.마감사항'!$A$6:$S$36,8,0)+VLOOKUP($Q$3,'6.마감사항'!$A$6:$S$36,9,0) -> 0
M40: 예비군/민방위 | N40: =IFERROR(HLOOKUP($Q$3,'2-2.근무표'!$F$50:$AK$59,7,0),0) -> 0
C42: ※ 특이사항 | M42: 지원 | N42: =IFERROR(HLOOKUP($Q$3,'2-2.근무표'!$F$50:$AK$59,8,0),0) -> 0
C44: 구 분 | D44: 고객 | F44: 원재료/비품 | H44: 직원 | M44: 파견 | N44: =IFERROR(HLOOKUP($Q$3,'2-2.근무표'!$F$50:$AK$59,9,0),0) -> 0
C46: 내용 | D46: =VLOOKUP($Q$3,'6.마감사항'!$A$6:$S$36,11,0) -> 0 | F46: =VLOOKUP($Q$3,'6.마감사항'!$A$6:$S$36,14,0) -> 0 | H46: =VLOOKUP($Q$3,'6.마감사항'!$A$6:$S$36,17,0) -> 0 | M46: 관리팀 | N46: =IFERROR(HLOOKUP($Q$3,'2-2.근무표'!$F$50:$AK$59,10,0),0) -> 0
L48: 파트타이머 | N48: =IFERROR(HLOOKUP($Q$3,'2-2.근무표'!$G$29:$AK$46,18,0),0) -> 2 | O48: =IFERROR(HLOOKUP($Q$3,'2-2.근무표'!$G$87:$AK$104,18,0),0) -> 330000 | Q48: =IFERROR(O48/$F$9,0) -> 0.13636364 | R48: =COUNTA('2-1.직원현황'!C31:C45) -> 6 | S48: ='2-2.근무표'!AL104 -> 6296500 | U48: =IFERROR(S48/$H$9,0) -> 0.075976326
K50: 카드/시재 | L50: 복리후생비 | N50: =IFERROR((VLOOKUP($Q$3,'5.법카,시재지출'!$A$6:$J$223,2,0)),0) -> 0 | Q50: =IFERROR(N50/$F$9,0) -> 0 | R50: ='5.법카,시재지출'!B223 -> 0 | U50: =IFERROR(R50/$H$9,0) -> 0 | V50: =SUM(U50:U55) -> 0.012567798
L52: 비품 등 | N52: =IFERROR((VLOOKUP($Q$3,'5.법카,시재지출'!$A$6:$J$223,3,0)),0)+IFERROR((VLOOKUP($Q$3,'5.법카,시재지출'!$A$6:$J$223,6,0)),0) -> 0 | Q52: =IFERROR(N52/$F$9,0) -> 0 | R52: ='5.법카,시재지출'!C223+'5.법카,시재지출'!F223 -> 1034250 | U52: =IFERROR(R52/$H$9,0) -> 0.012479713
L54: 교통비 | N54: =IFERROR((VLOOKUP($Q$3,'5.법카,시재지출'!$A$6:$J$223,4,0)),0) -> 0 | Q54: =IFERROR(N54/$F$9,0) -> 0 | R54: ='5.법카,시재지출'!D223 -> 7300 | U54: =IFERROR(R54/$H$9,0) -> 8.8084996e-05
K56: 본사지출 | L56: 집기/설비/수리 등 | N56: =IFERROR((VLOOKUP($Q$3,※계좌이체!$A$6:$E$191,3,0)),0) -> 0 | Q56: =IFERROR(N56/$F$9,0) -> 0 | R56: =※계좌이체!C192 -> 0 | U56: =IFERROR(R56/$H$9,0) -> 0 | V56: =SUM(U31:U57) -> 0.088544124
L58: 수수료/세금 등 | N58: =IFERROR((VLOOKUP($Q$3,※계좌이체!$A$6:$E$191,4,0)),0) -> 0 | Q58: =IFERROR(N58/$F$9,0) -> 0 | R58: =※계좌이체!D192 -> 0 | U58: =IFERROR(R58/$H$9,0) -> 0
C59: 처리 | D59: =VLOOKUP($Q$3,'6.마감사항'!$A$6:$S$36,12,0) -> 0 | F59: =VLOOKUP($Q$3,'6.마감사항'!$A$6:$S$36,15,0) -> 0 | H59: =VLOOKUP($Q$3,'6.마감사항'!$A$6:$S$36,18,0) -> 0
L60: 광고비 | N60: =IFERROR((VLOOKUP($Q$3,※계좌이체!$A$6:$E$191,5,0)),0) -> 0 | Q60: =IFERROR(N60/$F$9,0) -> 0 | R60: =※계좌이체!E192 -> 0 | U60: =IFERROR(R60/$H$9,0) -> 0
K62: 고정비 /기타 | L62: 임대료 | N62: ='0.기초및고정비'!E9/'0.기초및고정비'!E4 -> 83333.333 | Q62: =IFERROR(N62/$F$9,0) -> 0.034435262 | R62: ='0.기초및고정비'!E9/'0.기초및고정비'!E4*★보고서!Q3 -> 2166666.7 | U62: =IFERROR(R62/$H$9,0) -> 0.026143949 | V62: =SUM(U62:U71) -> 0.079143648
L64: 관리비(평균) | N64: =SUM('0.기초및고정비'!E10:E15)/'0.기초및고정비'!E4 -> 99333.333 | Q64: =IFERROR(N64/$F$9,0) -> 0.041046832 | R64: =SUM('0.기초및고정비'!E10:E15)/'0.기초및고정비'!E4*★보고서!Q3 -> 2582666.7 | U64: =IFERROR(R64/$H$9,0) -> 0.031163587
L66: 보험/통신/렌탈/운영비 등 | N66: ='0.기초및고정비'!E34/'0.기초및고정비'!E4 -> 15531.667 | Q66: =IFERROR(N66/$F$9,0) -> 0.0064180441 | R66: ='0.기초및고정비'!E34/'0.기초및고정비'!E4*★보고서!Q3 -> 403823.33 | U66: =IFERROR(R66/$H$9,0) -> 0.0048727091
L68: 대출상환 | N68: ='0.기초및고정비'!E16/'0.기초및고정비'!E4 -> 0 | Q68: =IFERROR(N68/$F$9,0) -> 0 | R68: ='0.기초및고정비'!E16/'0.기초및고정비'!E4*Q3 -> 0 | U68: =IFERROR(R68/$H$9,0) -> 0
L70: 카드/배달수수료(평균) | N70: =IFERROR((VLOOKUP($Q$3,'1.매출'!$A$5:$AG$35,29,0)),0)+IFERROR((VLOOKUP($Q$3,'1.매출'!$A$5:$AG$35,30,0)),0) -> 0 | Q70: =IFERROR(N70/$F$9,0) -> 0 | R70: ='1.매출'!AF36+'1.매출'!AG36 -> 1405833.6 | U70: =IFERROR(R70/$H$9,0) -> 0.016963404
K73: ※인건비는 4대보험 사업자부담분 '예상'액을 포함하고 있습니다. | P73: ※관리비 및 카드/배달 수수료는 '평균수수료율' 로 반영하였습니다.

Sheet 0.기초및고정비
B1: ■ 매장 기본정보 입력 _ 매월초 | G1: 핑크색 부분만 작성
B3: 1. 매월 기초 세팅
B4: 당월 구분 | C4: 2026년 | D4: 4월 | E4: {=_xlfn.IFS(D4="1월","31",D4="2월","28",D4="3월","31",D4="4월","30",D4="5월","31",D4="6월","30",D4="7월","31",D4="8월","31",D4="9월","30",D4="10월","31",D4="11월","30",D4="12월","31")} -> 30 | F4: 당월목표
C5: ↑ 드롭다운 선택 | D5: ↑ 드롭다운 선택 | E5: 건드리지 말것 (해당월 일수)
B7: 2. 고정비1_임대료/관리비/주류대출(VAT포함 실 지출액)
B8: 비용구분 | C8: 업체명 | D8: 이체일 | E8: 설정금액 (평균기준) | F8: 실제금액 | G8: 계약기간 등 추가사항
B9: 임대료 | E9: 2500000 | I9: ←매달 금액변경 : 전월 기준 작성 후, 당월 실제 지출액으로 변경
B10: 도시가스 | I10: ←매달 금액변경 : 전월 기준 작성 후, 당월 실제 지출액으로 변경
B11: 전기료 | I11: ←매달 금액변경 : 전월 기준 작성 후, 당월 실제 지출액으로 변경
B12: 수도료 | I12: ←매달 금액변경 : 전월 기준 작성 후, 당월 실제 지출액으로 변경
B13: 건물관리비 | I13: ←매달 금액변경 : 전월 기준 작성 후, 당월 실제 지출액으로 변경
B14: 주류대출 | E14: 2980000
B17: 총 합 계 | E17: =SUM(E9:E16) -> 5480000 | F17: =SUM(F9:F16) -> 0
B19: 3. 고정비2_운영 月고정비(VAT포함 실 지출액)
B20: 비용구분 | C20: 업체명 | D20: 이체일 | E20: 설정금액 (평균기준) | F20: 실제금액 | G20: 계약기간 등 추가사항
B21: 화재보험
B22: 보안설비 | E22: 120000
B23: 방역
B24: 정수기 | E24: 18900
B25: 인터넷/전화 | E25: 39050 | I25: ←매달 금액변경 : 전월 기준 작성 후, 당월 실제 지출액으로 변경
B26: 인터넷/전화 | I26: ←매달 금액변경 : 전월 기준 작성 후, 당월 실제 지출액으로 변경
B27: POS
B28: 테이블오더 | E28: 288000
B29: SMS수수료
B30: 세무기장료
B31: 분리수거
B32: 캐치테이블
B34: 총 합 계 | E34: =SUM(E21:E33) -> 465950 | F34: =SUM(F21:F33) -> 0

Sheet 1.매출
A1: ■ 일간 매출 작성 | D1: ='0.기초및고정비'!C4&'0.기초및고정비'!D4 -> 2026년4월 | H1: 핑크색 부분만 작성
A3: 일자 | B3: 총매출액 | C3: 테이블단가 (배달포함) | D3: 매장 순매출 | E3: 카드 순매출 | F3: 카드매출 | G3: 현금매출 | I3: 할인/서비스 | K3: 영수건수/고객수 | M3: 배달매출 | O3: 계좌이체 | Q3: 캐치테이블 | T3: 판매품목별 매출 | AA3: 카드취소 특이사항 | AD3: 기타 특이사항 | AF3: 0.0192 | AG3: 0.213
G4: 현금매출액 | H4: 현금영수증 | I4: 할인액 | J4: 서비스액 | K4: 영수건수 | L4: 고객수 | M4: 배달건수 | N4: 배달매출 | O4: 이체건수 | P4: 이체금액 | Q4: 영수건수 | R4: 이체금액 | T4: 메뉴 | U4: 기타메뉴 | V4: 포장 | W4: 주류 | X4: 기타주류 | Y4: 기타 | AA4: 취소건수 | AB4: 취소액 | AC4: 취소사유 | AF4: 카드수수료(예상) | AG4: 배달수수료(예상)
A5: 1 | B5: =D5+N5 -> 1605000 | C5: =IFERROR((E5+G5+N5+R5)/(K5+M5),0) -> 114642.86 | D5: =E5+G5+R5 -> 1605000 | E5: =F5-R5 -> 1605000 | F5: 1605000 | K5: 14 | L5: 14 | AF5: =F5*$AF$3 -> 30816 | AG5: =N5*$AG$3 -> 0
A6: 2 | B6: =D6+N6 -> 2517000 | C6: =IFERROR((E6+G6+N6+R6)/(K6+M6),0) -> 139833.33 | D6: =E6+G6+R6 -> 2517000 | E6: =F6-R6 -> 2510000 | F6: 2510000 | G6: 7000 | K6: 18 | L6: 18 | AF6: =F6*$AF$3 -> 48192 | AG6: =N6*$AG$3 -> 0
A7: 3 | B7: =D7+N7 -> 2148000 | C7: =IFERROR((E7+G7+N7+R7)/(K7+M7),0) -> 107400 | D7: =E7+G7+R7 -> 2148000 | E7: =F7-R7 -> 2057000 | F7: 2057000 | G7: 91000 | K7: 20 | L7: 20 | AF7: =F7*$AF$3 -> 39494.4 | AG7: =N7*$AG$3 -> 0
A8: 4 | B8: =D8+N8 -> 3596000 | C8: =IFERROR((E8+G8+N8+R8)/(K8+M8),0) -> 102742.86 | D8: =E8+G8+R8 -> 3596000 | E8: =F8-R8 -> 3596000 | F8: 3596000 | K8: 35 | L8: 35 | AF8: =F8*$AF$3 -> 69043.2 | AG8: =N8*$AG$3 -> 0
A9: 5 | B9: =D9+N9 -> 1926000 | C9: =IFERROR((E9+G9+N9+R9)/(K9+M9),0) -> 113294.12 | D9: =E9+G9+R9 -> 1926000 | E9: =F9-R9 -> 1926000 | F9: 1926000 | K9: 17 | L9: 17 | AF9: =F9*$AF$3 -> 36979.2 | AG9: =N9*$AG$3 -> 0
A10: 6 | B10: =D10+N10 -> 930000 | C10: =IFERROR((E10+G10+N10+R10)/(K10+M10),0) -> 116250 | D10: =E10+G10+R10 -> 930000 | E10: =F10-R10 -> 930000 | F10: 930000 | K10: 8 | L10: 8 | AF10: =F10*$AF$3 -> 17856 | AG10: =N10*$AG$3 -> 0
A11: 7 | B11: =D11+N11 -> 991000 | C11: =IFERROR((E11+G11+N11+R11)/(K11+M11),0) -> 123875 | D11: =E11+G11+R11 -> 991000 | E11: =F11-R11 -> 809000 | F11: 809000 | G11: 182000 | K11: 8 | L11: 8 | O11: 1 | P11: 182000 | AF11: =F11*$AF$3 -> 15532.8 | AG11: =N11*$AG$3 -> 0
A12: 8 | B12: =D12+N12 -> 1152500 | C12: =IFERROR((E12+G12+N12+R12)/(K12+M12),0) -> 104772.73 | D12: =E12+G12+R12 -> 1152500 | E12: =F12-R12 -> 1152500 | F12: 1152500 | K12: 11 | L12: 11 | AF12: =F12*$AF$3 -> 22128 | AG12: =N12*$AG$3 -> 0
A13: 9 | B13: =D13+N13 -> 1736000 | C13: =IFERROR((E13+G13+N13+R13)/(K13+M13),0) -> 115733.33 | D13: =E13+G13+R13 -> 1736000 | E13: =F13-R13 -> 1318000 | F13: 1422000 | G13: 314000 | K13: 15 | L13: 15 | Q13: 1 | R13: 104000 | AF13: =F13*$AF$3 -> 27302.4 | AG13: =N13*$AG$3 -> 0
A14: 10 | B14: =D14+N14 -> 3513000 | C14: =IFERROR((E14+G14+N14+R14)/(K14+M14),0) -> 106454.55 | D14: =E14+G14+R14 -> 3513000 | E14: =F14-R14 -> 3513000 | F14: 3513000 | K14: 33 | L14: 33 | AF14: =F14*$AF$3 -> 67449.6 | AG14: =N14*$AG$3 -> 0
A15: 11 | B15: =D15+N15 -> 4591000 | C15: =IFERROR((E15+G15+N15+R15)/(K15+M15),0) -> 104340.91 | D15: =E15+G15+R15 -> 4591000 | E15: =F15-R15 -> 4066000 | F15: 4179000 | G15: 412000 | K15: 44 | L15: 44 | Q15: 1 | R15: 113000 | AF15: =F15*$AF$3 -> 80236.8 | AG15: =N15*$AG$3 -> 0
A16: 12 | B16: =D16+N16 -> 3656000 | C16: =IFERROR((E16+G16+N16+R16)/(K16+M16),0) -> 121866.67 | D16: =E16+G16+R16 -> 3656000 | E16: =F16-R16 -> 3106000 | F16: 3381000 | G16: 275000 | K16: 30 | L16: 30 | Q16: 1 | R16: 275000 | AF16: =F16*$AF$3 -> 64915.2 | AG16: =N16*$AG$3 -> 0
A17: 13 | B17: =D17+N17 -> 703000 | C17: =IFERROR((E17+G17+N17+R17)/(K17+M17),0) -> 70300 | D17: =E17+G17+R17 -> 703000 | E17: =F17-R17 -> 677000 | F17: 677000 | G17: 26000 | K17: 10 | L17: 10 | AF17: =F17*$AF$3 -> 12998.4 | AG17: =N17*$AG$3 -> 0
A18: 14 | B18: =D18+N18 -> 2931000 | C18: =IFERROR((E18+G18+N18+R18)/(K18+M18),0) -> 146550 | D18: =E18+G18+R18 -> 2931000 | E18: =F18-R18 -> 2643000 | F18: 2744000 | G18: 187000 | K18: 20 | L18: 20 | Q18: 1 | R18: 101000 | AF18: =F18*$AF$3 -> 52684.8 | AG18: =N18*$AG$3 -> 0
A19: 15 | B19: =D19+N19 -> 3600000 | C19: =IFERROR((E19+G19+N19+R19)/(K19+M19),0) -> 120000 | D19: =E19+G19+R19 -> 3600000 | E19: =F19-R19 -> 3105000 | F19: 3401000 | G19: 199000 | K19: 30 | Q19: 3 | R19: 296000 | AF19: =F19*$AF$3 -> 65299.2 | AG19: =N19*$AG$3 -> 0
A20: 16 | B20: =D20+N20 -> 3674000 | C20: =IFERROR((E20+G20+N20+R20)/(K20+M20),0) -> 146960 | D20: =E20+G20+R20 -> 3674000 | E20: =F20-R20 -> 3204000 | F20: 3439000 | G20: 235000 | K20: 25 | L20: 25 | Q20: 1 | R20: 235000 | AF20: =F20*$AF$3 -> 66028.8 | AG20: =N20*$AG$3 -> 0
A21: 17 | B21: =D21+N21 -> 5930000 | C21: =IFERROR((E21+G21+N21+R21)/(K21+M21),0) -> 152051.28 | D21: =E21+G21+R21 -> 5930000 | E21: =F21-R21 -> 4154000 | F21: 5042000 | G21: 888000 | K21: 39 | L21: 39 | Q21: 3 | R21: 888000 | AF21: =F21*$AF$3 -> 96806.4 | AG21: =N21*$AG$3 -> 0
A22: 18 | B22: =D22+N22 -> 5736500 | C22: =IFERROR((E22+G22+N22+R22)/(K22+M22),0) -> 139914.63 | D22: =E22+G22+R22 -> 5736500 | E22: =F22-R22 -> 4404500 | F22: 5005500 | G22: 731000 | H22: 130000 | K22: 41 | L22: 41 | Q22: 4 | R22: 601000 | AF22: =F22*$AF$3 -> 96105.6 | AG22: =N22*$AG$3 -> 0
A23: 19 | B23: =D23+N23 -> 3008000 | C23: =IFERROR((E23+G23+N23+R23)/(K23+M23),0) -> 120320 | D23: =E23+G23+R23 -> 3008000 | E23: =F23-R23 -> 2876000 | F23: 2942000 | G23: 66000 | K23: 25 | L23: 25 | Q23: 1 | R23: 66000 | AF23: =F23*$AF$3 -> 56486.4 | AG23: =N23*$AG$3 -> 0
A24: 20 | B24: =D24+N24 -> 2021000 | C24: =IFERROR((E24+G24+N24+R24)/(K24+M24),0) -> 112277.78 | D24: =E24+G24+R24 -> 2021000 | E24: =F24-R24 -> 1995000 | F24: 1995000 | G24: 26000 | K24: 18 | L24: 18 | AF24: =F24*$AF$3 -> 38304 | AG24: =N24*$AG$3 -> 0
A25: 21 | B25: =D25+N25 -> 2899500 | C25: =IFERROR((E25+G25+N25+R25)/(K25+M25),0) -> 144975 | D25: =E25+G25+R25 -> 2899500 | E25: =F25-R25 -> 2152500 | F25: 2457500 | G25: 442000 | K25: 20 | L25: 20 | Q25: 1 | R25: 305000 | AF25: =F25*$AF$3 -> 47184 | AG25: =N25*$AG$3 -> 0
A26: 22 | B26: =D26+N26 -> 3592000 | C26: =IFERROR((E26+G26+N26+R26)/(K26+M26),0) -> 112250 | D26: =E26+G26+R26 -> 3592000 | E26: =F26-R26 -> 3127000 | F26: 3238000 | G26: 354000 | K26: 32 | L26: 32 | Q26: 1 | R26: 111000 | AF26: =F26*$AF$3 -> 62169.6 | AG26: =N26*$AG$3 -> 0
A27: 23 | B27: =D27+N27 -> 2810000 | C27: =IFERROR((E27+G27+N27+R27)/(K27+M27),0) -> 127727.27 | D27: =E27+G27+R27 -> 2810000 | E27: =F27-R27 -> 2810000 | F27: 2810000 | K27: 22 | L27: 22 | AF27: =F27*$AF$3 -> 53952 | AG27: =N27*$AG$3 -> 0
A28: 24 | B28: =D28+N28 -> 4721000 | C28: =IFERROR((E28+G28+N28+R28)/(K28+M28),0) -> 107295.45 | D28: =E28+G28+R28 -> 4721000 | E28: =F28-R28 -> 4117000 | F28: 4377000 | G28: 344000 | K28: 44 | L28: 44 | Q28: 1 | R28: 260000 | AF28: =F28*$AF$3 -> 84038.4 | AG28: =N28*$AG$3 -> 0
A29: 25 | B29: =D29+N29 -> 6381000 | C29: =IFERROR((E29+G29+N29+R29)/(K29+M29),0) -> 145022.73 | D29: =E29+G29+R29 -> 6381000 | E29: =F29-R29 -> 4919000 | F29: 5650000 | G29: 731000 | K29: 44 | L29: 44 | Q29: 5 | R29: 731000 | AF29: =F29*$AF$3 -> 108480 | AG29: =N29*$AG$3 -> 0
A30: 26 | B30: =D30+N30 -> 2420000 | C30: =IFERROR((E30+G30+N30+R30)/(K30+M30),0) -> 121000 | D30: =E30+G30+R30 -> 2420000 | E30: =F30-R30 -> 2362000 | F30: 2362000 | G30: 58000 | K30: 20 | L30: 20 | AF30: =F30*$AF$3 -> 45350.4 | AG30: =N30*$AG$3 -> 0
A31: 27 | B31: =D31+N31 -> 0 | C31: =IFERROR((E31+G31+N31+R31)/(K31+M31),0) -> 0 | D31: =E31+G31+R31 -> 0 | E31: =F31-R31 -> 0 | AF31: =F31*$AF$3 -> 0 | AG31: =N31*$AG$3 -> 0
A32: 28 | B32: =D32+N32 -> 0 | C32: =IFERROR((E32+G32+N32+R32)/(K32+M32),0) -> 0 | D32: =E32+G32+R32 -> 0 | E32: =F32-R32 -> 0 | AF32: =F32*$AF$3 -> 0 | AG32: =N32*$AG$3 -> 0
A33: 29 | B33: =D33+N33 -> 0 | C33: =IFERROR((E33+G33+N33+R33)/(K33+M33),0) -> 0 | D33: =E33+G33+R33 -> 0 | E33: =F33-R33 -> 0 | AF33: =F33*$AF$3 -> 0 | AG33: =N33*$AG$3 -> 0
A34: 30 | B34: =D34+N34 -> 0 | C34: =IFERROR((E34+G34+N34+R34)/(K34+M34),0) -> 0 | D34: =E34+G34+R34 -> 0 | E34: =F34-R34 -> 0 | AF34: =F34*$AF$3 -> 0 | AG34: =N34*$AG$3 -> 0
A35: 31 | B35: =D35+N35 -> 0 | C35: =IFERROR((E35+G35+N35+R35)/(K35+M35),0) -> 0 | D35: =E35+G35+R35 -> 0 | E35: =F35-R35 -> 0 | AF35: =F35*$AF$3 -> 0 | AG35: =N35*$AG$3 -> 0
A36: 합 계 | B36: =SUM(B5:B35) -> 78788500 | C36: =IFERROR(B36/(K36+M36),0) -> 122532.66 | D36: =SUM(D5:D35) -> 78788500 | E36: =SUM(E5:E35) -> 69134500 | F36: =SUM(F5:F35) -> 73220500 | G36: =SUM(G5:G35) -> 5568000 | H36: =SUM(H5:H35) -> 130000 | I36: =SUM(I5:I35) -> 0 | J36: =SUM(J5:J35) -> 0 | K36: =SUM(K5:K35) -> 643 | ... R36: =SUM(R5:R35) -> 4086000 | T36: =SUM(T5:T35) -> 0 | U36: =SUM(U5:U35) -> 0 | V36: =SUM(V5:V35) -> 0 | W36: =SUM(W5:W35) -> 0 | X36: =SUM(X5:X35) -> 0 | Y36: =SUM(Y5:Y35) -> 0 | AA36: =SUM(AA5:AA35) -> 0 | AB36: =SUM(AB5:AB35) -> 0 | AF36: =SUM(AF5:AF35) -> 1405833.6 | AG36: =SUM(AG5:AG35) -> 0

Sheet 2-1.직원현황
B1: ■ 근로자 현황 | D1: 핑크색 부분만 작성
B3: 1.근로자 현황_정직원(4대보험_고정근로자) | U3: 0.03595 | V3: 0.1314 | W3: 0.0475 | X3: 0.009
B4: 구분 | C4: 이름 | D4: 근무파트 | E4: 직책 | F4: 입사일 | G4: 퇴사일 | H4: 근무조건 | I4: 신고방법 | J4: 연락처 | K4: 주민번호 | L4: 급여계좌 | N4: 월급여 필수기록!! (숫자만 입력) | P4: 과세대상급여 (직책수당포함) | Q4: 식대 | R4: 차량유지 | S4: 총급여 (직책수당포함) | U4: 건강보험 | V4: 장기요양 | W4: 국민연금 | X4: 고용보험 | Y4: 4대보험 사용자分 합계 | AA4: 4대보험포함 총 급 여
B5: 고정근로자 | C5: 박성배 | D5: 선택 | E5: 주방 | F5: 46022 | H5: 주1회휴무 | I5: 4대보험 | J5: 010-9211-1544 | K5: 900415-1095615 | L5: 카카오 3333 13012 1594 | N5: 3600000 | P5: =N5-200000 -> 3400000 | Q5: 200000 | S5: =P5+Q5+R5 -> 3600000 | U5: =TRUNC(P5*$U$3,-1) -> 122230 | V5: =TRUNC(U5*$V$3,-1) -> 16060 | W5: =TRUNC(P5*$W$3,-1) -> 161500 | X5: =TRUNC(P5*$X$3,-1) -> 30600 | Y5: =SUM(U5:X5) -> 330390 | AA5: =S5+Y5 -> 3930390
C6: 박참이 | D6: 선택 | E6: 주방 | F6: 46113 | H6: 월6회휴무 | I6: 4대보험 | J6: 010-4320-6101 | K6: 880226-2030625 | L6: 신한 110 262 594987 | N6: 3400000 | P6: =N6-200000 -> 3200000 | Q6: 200000 | S6: =P6+Q6+R6 -> 3400000 | U6: =TRUNC(P6*$U$3,-1) -> 115040 | V6: =TRUNC(U6*$V$3,-1) -> 15110 | W6: =TRUNC(P6*$W$3,-1) -> 152000 | X6: =TRUNC(P6*$X$3,-1) -> 28800 | Y6: =SUM(U6:X6) -> 310950 | AA6: =S6+Y6 -> 3710950
C7: 이건호 | D7: 선택 | E7: 홀 | F7: 46113 | H7: 월6회휴무 | I7: 4대보험 | J7: 010-7602-3858 | K7: 960527-1491016 | L7: 국민 510002 01 241497 | N7: 3400000 | P7: =N7-200000 -> 3200000 | Q7: 200000 | S7: =P7+Q7+R7 -> 3400000 | U7: =TRUNC(P7*$U$3,-1) -> 115040 | V7: =TRUNC(U7*$V$3,-1) -> 15110 | W7: =TRUNC(P7*$W$3,-1) -> 152000 | X7: =TRUNC(P7*$X$3,-1) -> 28800 | Y7: =SUM(U7:X7) -> 310950 | AA7: =S7+Y7 -> 3710950
D8: 선택 | I8: 4대보험 | P8: =N8-200000 -> -200000 | Q8: 200000 | S8: =P8+Q8+R8 -> 0 | U8: =TRUNC(P8*$U$3,-1) -> -7190 | V8: =TRUNC(U8*$V$3,-1) -> -940 | W8: =TRUNC(P8*$W$3,-1) -> -9500 | X8: =TRUNC(P8*$X$3,-1) -> -1800 | Y8: =SUM(U8:X8) -> -19430 | AA8: =S8+Y8 -> -19430
D9: 선택 | I9: 4대보험 | P9: =N9-200000 -> -200000 | Q9: 200000 | S9: =P9+Q9+R9 -> 0 | U9: =TRUNC(P9*$U$3,-1) -> -7190 | V9: =TRUNC(U9*$V$3,-1) -> -940 | W9: =TRUNC(P9*$W$3,-1) -> -9500 | X9: =TRUNC(P9*$X$3,-1) -> -1800 | Y9: =SUM(U9:X9) -> -19430 | AA9: =S9+Y9 -> -19430
D10: 선택 | I10: 4대보험 | P10: =N10-200000 -> -200000 | Q10: 200000 | S10: =P10+Q10+R10 -> 0 | U10: =TRUNC(P10*$U$3,-1) -> -7190 | V10: =TRUNC(U10*$V$3,-1) -> -940 | W10: =TRUNC(P10*$W$3,-1) -> -9500 | X10: =TRUNC(P10*$X$3,-1) -> -1800 | Y10: =SUM(U10:X10) -> -19430 | AA10: =S10+Y10 -> -19430
D11: 선택 | I11: 4대보험 | P11: =N11-200000 -> -200000 | Q11: 200000 | S11: =P11+Q11+R11 -> 0 | U11: =TRUNC(P11*$U$3,-1) -> -7190 | V11: =TRUNC(U11*$V$3,-1) -> -940 | W11: =TRUNC(P11*$W$3,-1) -> -9500 | X11: =TRUNC(P11*$X$3,-1) -> -1800 | Y11: =SUM(U11:X11) -> -19430 | AA11: =S11+Y11 -> -19430
D12: 선택 | I12: 4대보험 | P12: =N12-200000 -> -200000 | Q12: 200000 | S12: =P12+Q12+R12 -> 0 | U12: =TRUNC(P12*$U$3,-1) -> -7190 | V12: =TRUNC(U12*$V$3,-1) -> -940 | W12: =TRUNC(P12*$W$3,-1) -> -9500 | X12: =TRUNC(P12*$X$3,-1) -> -1800 | Y12: =SUM(U12:X12) -> -19430 | AA12: =S12+Y12 -> -19430
D13: 선택 | I13: 4대보험 | P13: =N13-200000 -> -200000 | Q13: 200000 | S13: =P13+Q13+R13 -> 0 | U13: =TRUNC(P13*$U$3,-1) -> -7190 | V13: =TRUNC(U13*$V$3,-1) -> -940 | W13: =TRUNC(P13*$W$3,-1) -> -9500 | X13: =TRUNC(P13*$X$3,-1) -> -1800 | Y13: =SUM(U13:X13) -> -19430 | AA13: =S13+Y13 -> -19430
D14: 선택 | I14: 4대보험 | P14: =N14-200000 -> -200000 | Q14: 200000 | S14: =P14+Q14+R14 -> 0 | U14: =TRUNC(P14*$U$3,-1) -> -7190 | V14: =TRUNC(U14*$V$3,-1) -> -940 | W14: =TRUNC(P14*$W$3,-1) -> -9500 | X14: =TRUNC(P14*$X$3,-1) -> -1800 | Y14: =SUM(U14:X14) -> -19430 | AA14: =S14+Y14 -> -19430
B16: 1-1.근로자 현황_정직원(3.3%_고정근로자)
B17: 구분 | C17: 이름 | D17: 근무파트 | E17: 직책 | F17: 입사일 | G17: 퇴사일 | H17: 근무조건 | I17: 신고방법 | J17: 연락처 | K17: 주민번호 | L17: 급여계좌 | N17: 월급여 필수기록!! (숫자만 입력)
B18: 고정근로자 | C18: 김지용 | D18: 선택 | F18: 46113 | I18: 0.033 | L18: 신한 110 431 372066 | N18: 4000000 | P18: =N18 -> 4000000 | S18: =P18+Q18+R18 -> 4000000 | AA18: =S18+Y18 -> 4000000
C19: 이도형 | D19: 선택 | F19: 46125 | I19: 0.033 | N19: 3400000 | P19: =N19 -> 3400000 | S19: =P19+Q19+R19 -> 3400000 | AA19: =S19+Y19 -> 3400000
D20: 선택 | I20: 0.033 | P20: =N20 -> 0 | S20: =P20+Q20+R20 -> 0 | AA20: =S20+Y20 -> 0
D21: 선택 | I21: 0.033 | P21: =N21 -> 0 | S21: =P21+Q21+R21 -> 0 | AA21: =S21+Y21 -> 0
D22: 선택 | I22: 0.033 | P22: =N22 -> 0 | S22: =P22+Q22+R22 -> 0 | AA22: =S22+Y22 -> 0
D23: 선택 | I23: 0.033 | P23: =N23 -> 0 | S23: =P23+Q23+R23 -> 0 | AA23: =S23+Y23 -> 0
D24: 선택 | I24: 0.033 | P24: =N24 -> 0 | S24: =P24+Q24+R24 -> 0 | AA24: =S24+Y24 -> 0
D25: 선택 | I25: 0.033 | P25: =N25 -> 0 | S25: =P25+Q25+R25 -> 0 | AA25: =S25+Y25 -> 0
D26: 선택 | I26: 0.033 | P26: =N26 -> 0 | S26: =P26+Q26+R26 -> 0 | AA26: =S26+Y26 -> 0
D27: 선택 | I27: 0.033 | P27: =N27 -> 0 | S27: =P27+Q27+R27 -> 0 | AA27: =S27+Y27 -> 0
B29: 2.근로자 현황_파트타이머
B30: 구분 | C30: 이름 | D30: 근무파트 | E30: 직책 | F30: 입사일 | G30: 퇴사일 | H30: 근무조건 | I30: 시급 | J30: 연락처 | K30: 주민번호 | L30: 급여계좌
B31: 파트타이머 | C31: 최은태 | D31: 주방 | E31: 파트타임 | I31: 20000 | K31: 800303-2637310 | L31: 경남 221 0110 1350 07
C32: 이서문 | D32: 선택 | E32: 파트타임 | I32: 13000 | K32: 960527-2471215 | L32: 카카오 3333 344 538401
C33: 김복순 | D33: 선택 | E33: 파트타임 | I33: 12000 | K33: 601109-6102493 | L33: 국민 424002 01 337949
C34: 이도형 | D34: 선택 | E34: 파트타임 | I34: 13000
C35: 송은비 | D35: 선택 | E35: 파트타임 | I35: 13000
C36: 김범창 | D36: 선택 | E36: 파트타임 | I36: 13000
D37: 선택 | E37: 파트타임
D38: 선택 | E38: 파트타임
D39: 선택 | E39: 파트타임
D40: 선택 | E40: 파트타임
D41: 선택 | E41: 파트타임
D42: 선택 | E42: 파트타임
D43: 선택 | E43: 파트타임
D44: 선택 | E44: 파트타임
D45: 선택 | E45: 파트타임

Sheet 2-2.근무표
B1: ■ 일간 근무표 작성 | E1: 핑크색 부분만 작성 | G1: ='0.기초및고정비'!C4&'0.기초및고정비'!D4 -> 2026년4월 | M1: ①정직원 근무현황 / ②알바근무현황 / ③직영관리팀 근무현황 3개다 꼭 작성!!!!!!
B3: ① 정직원 근무현황
B4: 이름 | C4: 파트 (홀/주방) | D4: 직책 | E4: 입사일 | F4: 퇴사일 (마지막근무일) | G4: 1 | H4: 2 | I4: 3 | J4: 4 | K4: 5 | L4: 6 | M4: 7 | N4: 8 | O4: 9 | P4: 10 | Q4: 11 | R4: 12 | S4: 13 | T4: 14 | U4: 15 | V4: 16 | W4: 17 | X4: 18 | Y4: 19 | Z4: 20 | AA4: 21 | AB4: 22 | AC4: 23 | AD4: 24 | AE4: 25 | AF4: 26 | AG4: 27 | AH4: 28 | AI4: 29 | AJ4: 30 | AK4: 31 | AL4: 월간 실근무일수 | AM4: 정기휴무 일수 | AN4: 월차/반차 일수 | AO4: 무단결근 | AP4: 무단조퇴 | AQ4: 권장휴무 | AR4: 권장조퇴 | AS4: 근무조건 | AU4: 연락처 | AV4: 주민번호 | AW4: 급여계좌 | AZ4: ='0.기초및고정비'!E4 -> 30
AY5: 월급(4대보험예상포함) | AZ5: 일급여
B6: ='2-1.직원현황'!C5 -> 박성배 | C6: ='2-1.직원현황'!D5 -> 선택 | D6: ='2-1.직원현황'!E5 -> 주방 | E6: ='2-1.직원현황'!F5 -> 46022 | F6: ='2-1.직원현황'!G5 -> 0 | G6: 근무 | H6: 근무 | I6: 근무 | J6: 근무 | K6: 휴무 | L6: 휴무 | M6: 근무 | N6: 근무 | O6: 근무 | P6: 근무 | Q6: 근무 | R6: 근무 | S6: 휴무 | T6: 근무 | U6: 근무 | V6: 근무 | W6: 근무 | X6: 근무 | Y6: 근무 | Z6: 근무 | AA6: 근무 | AB6: 근무 | AC6: 근무 | AD6: 휴무 | AE6: 휴무 | AF6: 월차 | AG6: - | AH6: - | AI6: - | AJ6: - | AK6: - | AL6: =COUNTIF(G6:AK6,"근무") -> 20 | AM6: =COUNTIF(G6:AK6,"휴무") -> 5 | AN6: =COUNTIF(G6:AK6,"월차")+COUNTIF(G6:AK6,"반차") -> 1 | AO6: =COUNTIF(G6:AK6,"무단결근") -> 0 | AP6: =COUNTIF(G6:AK6,"무단조퇴") -> 0 | AQ6: =COUNTIF(G6:AK6,"권장휴무") -> 0 | AR6: =COUNTIF(G6:AK6,"권장조퇴") -> 0 | AS6: ='2-1.직원현황'!H5 -> 주1회휴무 | AU6: ='2-1.직원현황'!J5 -> 010-9211-1544 | AV6: ='2-1.직원현황'!K5 -> 900415-1095615 | AW6: ='2-1.직원현황'!L5 -> 카카오 3333 13012 1594 | AY6: =IFERROR(VLOOKUP(B6,'2-1.직원현황'!$C$5:$AA$14,25,0),0) -> 3930390 | AZ6: =AY6/$AZ$4 -> 131013
B7: ='2-1.직원현황'!C6 -> 박참이 | C7: ='2-1.직원현황'!D6 -> 선택 | D7: ='2-1.직원현황'!E6 -> 주방 | E7: ='2-1.직원현황'!F6 -> 46113 | F7: ='2-1.직원현황'!G6 -> 0 | G7: 휴무 | H7: 근무 | I7: 근무 | J7: 근무 | K7: 근무 | L7: 근무 | M7: 근무 | N7: 휴무 | O7: 근무 | P7: 근무 | Q7: 근무 | R7: 근무 | S7: 근무 | T7: 휴무 | U7: 휴무 | V7: 근무 | W7: 근무 | X7: 근무 | Y7: 근무 | Z7: 근무 | AA7: 근무 | AB7: 휴무 | AC7: 근무 | AD7: 근무 | AE7: 근무 | AF7: 근무 | AG7: - | AH7: - | AI7: - | AJ7: - | AK7: - | AL7: =COUNTIF(G7:AK7,"근무") -> 21 | AM7: =COUNTIF(G7:AK7,"휴무") -> 5 | AN7: =COUNTIF(G7:AK7,"월차")+COUNTIF(G7:AK7,"반차") -> 0 | AO7: =COUNTIF(G7:AK7,"무단결근") -> 0 | AP7: =COUNTIF(G7:AK7,"무단조퇴") -> 0 | AQ7: =COUNTIF(G7:AK7,"권장휴무") -> 0 | AR7: =COUNTIF(G7:AK7,"권장조퇴") -> 0 | AS7: ='2-1.직원현황'!H6 -> 월6회휴무 | AU7: ='2-1.직원현황'!J6 -> 010-4320-6101 | AV7: ='2-1.직원현황'!K6 -> 880226-2030625 | AW7: ='2-1.직원현황'!L6 -> 신한 110 262 594987 | AY7: =IFERROR(VLOOKUP(B7,'2-1.직원현황'!$C$5:$AA$14,25,0),0) -> 3710950 | AZ7: =AY7/$AZ$4 -> 123698.33
B8: ='2-1.직원현황'!C7 -> 이건호 | C8: ='2-1.직원현황'!D7 -> 선택 | D8: ='2-1.직원현황'!E7 -> 홀 | E8: ='2-1.직원현황'!F7 -> 46113 | F8: ='2-1.직원현황'!G7 -> 0 | G8: 휴무 | H8: 근무 | I8: 근무 | J8: 근무 | K8: 근무 | L8: 근무 | M8: 근무 | N8: 근무 | O8: 휴무 | P8: 근무 | Q8: 근무 | R8: 근무 | S8: 근무 | T8: 근무 | U8: 휴무 | V8: 휴무 | W8: 근무 | X8: 근무 | Y8: 근무 | Z8: 근무 | AA8: 휴무 | AB8: 근무 | AC8: 근무 | AD8: 근무 | AE8: 근무 | AF8: 근무 | AG8: - | AH8: - | AI8: - | AJ8: - | AK8: - | AL8: =COUNTIF(G8:AK8,"근무") -> 21 | AM8: =COUNTIF(G8:AK8,"휴무") -> 5 | AN8: =COUNTIF(G8:AK8,"월차")+COUNTIF(G8:AK8,"반차") -> 0 | AO8: =COUNTIF(G8:AK8,"무단결근") -> 0 | AP8: =COUNTIF(G8:AK8,"무단조퇴") -> 0 | AQ8: =COUNTIF(G8:AK8,"권장휴무") -> 0 | AR8: =COUNTIF(G8:AK8,"권장조퇴") -> 0 | AS8: ='2-1.직원현황'!H7 -> 월6회휴무 | AU8: ='2-1.직원현황'!J7 -> 010-7602-3858 | AV8: ='2-1.직원현황'!K7 -> 960527-1491016 | AW8: ='2-1.직원현황'!L7 -> 국민 510002 01 241497 | AY8: =IFERROR(VLOOKUP(B8,'2-1.직원현황'!$C$5:$AA$14,25,0),0) -> 3710950 | AZ8: =AY8/$AZ$4 -> 123698.33
B9: ='2-1.직원현황'!C8 -> 0 | C9: ='2-1.직원현황'!D8 -> 선택 | D9: ='2-1.직원현황'!E8 -> 0 | E9: ='2-1.직원현황'!F8 -> 0 | F9: ='2-1.직원현황'!G8 -> 0 | G9: - | H9: - | I9: - | J9: - | K9: - | L9: - | M9: - | N9: - | O9: - | P9: - | Q9: - | R9: - | S9: - | T9: - | U9: - | V9: - | W9: - | X9: - | Y9: - | Z9: - | AA9: - | AB9: - | AC9: - | AD9: - | AE9: - | AF9: - | AG9: - | AH9: - | AI9: - | AJ9: - | AK9: - | AL9: =COUNTIF(G9:AK9,"근무") -> 0 | AM9: =COUNTIF(G9:AK9,"휴무") -> 0 | AN9: =COUNTIF(G9:AK9,"월차")+COUNTIF(G9:AK9,"반차") -> 0 | AO9: =COUNTIF(G9:AK9,"무단결근") -> 0 | AP9: =COUNTIF(G9:AK9,"무단조퇴") -> 0 | AQ9: =COUNTIF(G9:AK9,"권장휴무") -> 0 | AR9: =COUNTIF(G9:AK9,"권장조퇴") -> 0 | AS9: ='2-1.직원현황'!H8 -> 0 | AU9: ='2-1.직원현황'!J8 -> 0 | AV9: ='2-1.직원현황'!K8 -> 0 | AW9: ='2-1.직원현황'!L8 -> 0 | AY9: =IFERROR(VLOOKUP(B9,'2-1.직원현황'!$C$5:$AA$14,25,0),0) -> 0 | AZ9: =AY9/$AZ$4 -> 0
B10: ='2-1.직원현황'!C9 -> 0 | C10: ='2-1.직원현황'!D9 -> 선택 | D10: ='2-1.직원현황'!E9 -> 0 | E10: ='2-1.직원현황'!F9 -> 0 | F10: ='2-1.직원현황'!G9 -> 0 | G10: - | H10: - | I10: - | J10: - | K10: - | L10: - | M10: - | N10: - | O10: - | P10: - | Q10: - | R10: - | S10: - | T10: - | U10: - | V10: - | W10: - | X10: - | Y10: - | Z10: - | AA10: - | AB10: - | AC10: - | AD10: - | AE10: - | AF10: - | AG10: - | AH10: - | AI10: - | AJ10: - | AK10: - | AL10: =COUNTIF(G10:AK10,"근무") -> 0 | AM10: =COUNTIF(G10:AK10,"휴무") -> 0 | AN10: =COUNTIF(G10:AK10,"월차")+COUNTIF(G10:AK10,"반차") -> 0 | AO10: =COUNTIF(G10:AK10,"무단결근") -> 0 | AP10: =COUNTIF(G10:AK10,"무단조퇴") -> 0 | AQ10: =COUNTIF(G10:AK10,"권장휴무") -> 0 | AR10: =COUNTIF(G10:AK10,"권장조퇴") -> 0 | AS10: ='2-1.직원현황'!H9 -> 0 | AU10: ='2-1.직원현황'!J9 -> 0 | AV10: ='2-1.직원현황'!K9 -> 0 | AW10: ='2-1.직원현황'!L9 -> 0 | AY10: =IFERROR(VLOOKUP(B10,'2-1.직원현황'!$C$5:$AA$14,25,0),0) -> 0 | AZ10: =AY10/$AZ$4 -> 0
B11: ='2-1.직원현황'!C10 -> 0 | C11: ='2-1.직원현황'!D10 -> 선택 | D11: ='2-1.직원현황'!E10 -> 0 | E11: ='2-1.직원현황'!F10 -> 0 | F11: ='2-1.직원현황'!G10 -> 0 | G11: - | H11: - | I11: - | J11: - | K11: - | L11: - | M11: - | N11: - | O11: - | P11: - | Q11: - | R11: - | S11: - | T11: - | U11: - | V11: - | W11: - | X11: - | Y11: - | Z11: - | AA11: - | AB11: - | AC11: - | AD11: - | AE11: - | AF11: - | AG11: - | AH11: - | AI11: - | AJ11: - | AK11: - | AL11: =COUNTIF(G11:AK11,"근무") -> 0 | AM11: =COUNTIF(G11:AK11,"휴무") -> 0 | AN11: =COUNTIF(G11:AK11,"월차")+COUNTIF(G11:AK11,"반차") -> 0 | AO11: =COUNTIF(G11:AK11,"무단결근") -> 0 | AP11: =COUNTIF(G11:AK11,"무단조퇴") -> 0 | AQ11: =COUNTIF(G11:AK11,"권장휴무") -> 0 | AR11: =COUNTIF(G11:AK11,"권장조퇴") -> 0 | AS11: ='2-1.직원현황'!H10 -> 0 | AU11: ='2-1.직원현황'!J10 -> 0 | AV11: ='2-1.직원현황'!K10 -> 0 | AW11: ='2-1.직원현황'!L10 -> 0 | AY11: =IFERROR(VLOOKUP(B11,'2-1.직원현황'!$C$5:$AA$14,25,0),0) -> 0 | AZ11: =AY11/$AZ$4 -> 0
B12: ='2-1.직원현황'!C11 -> 0 | C12: ='2-1.직원현황'!D11 -> 선택 | D12: ='2-1.직원현황'!E11 -> 0 | E12: ='2-1.직원현황'!F11 -> 0 | F12: ='2-1.직원현황'!G11 -> 0 | G12: - | H12: - | I12: - | J12: - | K12: - | L12: - | M12: - | N12: - | O12: - | P12: - | Q12: - | R12: - | S12: - | T12: - | U12: - | V12: - | W12: - | X12: - | Y12: - | Z12: - | AA12: - | AB12: - | AC12: - | AD12: - | AE12: - | AF12: - | AG12: - | AH12: - | AI12: - | AJ12: - | AK12: - | AL12: =COUNTIF(G12:AK12,"근무") -> 0 | AM12: =COUNTIF(G12:AK12,"휴무") -> 0 | AN12: =COUNTIF(G12:AK12,"월차")+COUNTIF(G12:AK12,"반차") -> 0 | AO12: =COUNTIF(G12:AK12,"무단결근") -> 0 | AP12: =COUNTIF(G12:AK12,"무단조퇴") -> 0 | AQ12: =COUNTIF(G12:AK12,"권장휴무") -> 0 | AR12: =COUNTIF(G12:AK12,"권장조퇴") -> 0 | AS12: ='2-1.직원현황'!H11 -> 0 | AU12: ='2-1.직원현황'!J11 -> 0 | AV12: ='2-1.직원현황'!K11 -> 0 | AW12: ='2-1.직원현황'!L11 -> 0 | AY12: =IFERROR(VLOOKUP(B12,'2-1.직원현황'!$C$5:$AA$14,25,0),0) -> 0 | AZ12: =AY12/$AZ$4 -> 0
B13: ='2-1.직원현황'!C12 -> 0 | C13: ='2-1.직원현황'!D12 -> 선택 | D13: ='2-1.직원현황'!E12 -> 0 | E13: ='2-1.직원현황'!F12 -> 0 | F13: ='2-1.직원현황'!G12 -> 0 | G13: - | H13: - | I13: - | J13: - | K13: - | L13: - | M13: - | N13: - | O13: - | P13: - | Q13: - | R13: - | S13: - | T13: - | U13: - | V13: - | W13: - | X13: - | Y13: - | Z13: - | AA13: - | AB13: - | AC13: - | AD13: - | AE13: - | AF13: - | AG13: - | AH13: - | AI13: - | AJ13: - | AK13: - | AL13: =COUNTIF(G13:AK13,"근무") -> 0 | AM13: =COUNTIF(G13:AK13,"휴무") -> 0 | AN13: =COUNTIF(G13:AK13,"월차")+COUNTIF(G13:AK13,"반차") -> 0 | AO13: =COUNTIF(G13:AK13,"무단결근") -> 0 | AP13: =COUNTIF(G13:AK13,"무단조퇴") -> 0 | AQ13: =COUNTIF(G13:AK13,"권장휴무") -> 0 | AR13: =COUNTIF(G13:AK13,"권장조퇴") -> 0 | AS13: ='2-1.직원현황'!H12 -> 0 | AU13: ='2-1.직원현황'!J12 -> 0 | AV13: ='2-1.직원현황'!K12 -> 0 | AW13: ='2-1.직원현황'!L12 -> 0 | AY13: =IFERROR(VLOOKUP(B13,'2-1.직원현황'!$C$5:$AA$14,25,0),0) -> 0 | AZ13: =AY13/$AZ$4 -> 0
B14: ='2-1.직원현황'!C13 -> 0 | C14: ='2-1.직원현황'!D13 -> 선택 | D14: ='2-1.직원현황'!E13 -> 0 | E14: ='2-1.직원현황'!F13 -> 0 | F14: ='2-1.직원현황'!G13 -> 0 | G14: - | H14: - | I14: - | J14: - | K14: - | L14: - | M14: - | N14: - | O14: - | P14: - | Q14: - | R14: - | S14: - | T14: - | U14: - | V14: - | W14: - | X14: - | Y14: - | Z14: - | AA14: - | AB14: - | AC14: - | AD14: - | AE14: - | AF14: - | AG14: - | AH14: - | AI14: - | AJ14: - | AK14: - | AL14: =COUNTIF(G14:AK14,"근무") -> 0 | AM14: =COUNTIF(G14:AK14,"휴무") -> 0 | AN14: =COUNTIF(G14:AK14,"월차")+COUNTIF(G14:AK14,"반차") -> 0 | AO14: =COUNTIF(G14:AK14,"무단결근") -> 0 | AP14: =COUNTIF(G14:AK14,"무단조퇴") -> 0 | AQ14: =COUNTIF(G14:AK14,"권장휴무") -> 0 | AR14: =COUNTIF(G14:AK14,"권장조퇴") -> 0 | AS14: ='2-1.직원현황'!H13 -> 0 | AU14: ='2-1.직원현황'!J13 -> 0 | AV14: ='2-1.직원현황'!K13 -> 0 | AW14: ='2-1.직원현황'!L13 -> 0 | AY14: =IFERROR(VLOOKUP(B14,'2-1.직원현황'!$C$5:$AA$14,25,0),0) -> 0 | AZ14: =AY14/$AZ$4 -> 0
B15: ='2-1.직원현황'!C14 -> 0 | C15: ='2-1.직원현황'!D14 -> 선택 | D15: ='2-1.직원현황'!E14 -> 0 | E15: ='2-1.직원현황'!F14 -> 0 | F15: ='2-1.직원현황'!G14 -> 0 | G15: - | H15: - | I15: - | J15: - | K15: - | L15: - | M15: - | N15: - | O15: - | P15: - | Q15: - | R15: - | S15: - | T15: - | U15: - | V15: - | W15: - | X15: - | Y15: - | Z15: - | AA15: - | AB15: - | AC15: - | AD15: - | AE15: - | AF15: - | AG15: - | AH15: - | AI15: - | AJ15: - | AK15: - | AL15: =COUNTIF(G15:AK15,"근무") -> 0 | AM15: =COUNTIF(G15:AK15,"휴무") -> 0 | AN15: =COUNTIF(G15:AK15,"월차")+COUNTIF(G15:AK15,"반차") -> 0 | AO15: =COUNTIF(G15:AK15,"무단결근") -> 0 | AP15: =COUNTIF(G15:AK15,"무단조퇴") -> 0 | AQ15: =COUNTIF(G15:AK15,"권장휴무") -> 0 | AR15: =COUNTIF(G15:AK15,"권장조퇴") -> 0 | AS15: ='2-1.직원현황'!H14 -> 0 | AU15: ='2-1.직원현황'!J14 -> 0 | AV15: ='2-1.직원현황'!K14 -> 0 | AW15: ='2-1.직원현황'!L14 -> 0 | AY15: =IFERROR(VLOOKUP(B15,'2-1.직원현황'!$C$5:$AA$14,25,0),0) -> 0 | AZ15: =AY15/$AZ$4 -> 0
B16: ='2-1.직원현황'!C18 -> 김지용 | C16: ='2-1.직원현황'!D18 -> 선택 | D16: ='2-1.직원현황'!E18 -> 0 | E16: ='2-1.직원현황'!F18 -> 46113 | F16: ='2-1.직원현황'!G18 -> 0 | G16: 근무 | H16: 근무 | I16: 근무 | J16: 근무 | K16: 근무 | L16: 휴무 | M16: 근무 | N16: 근무 | O16: 근무 | P16: 근무 | Q16: 근무 | R16: 근무 | S16: 휴무 | T16: 휴무 | U16: 근무 | V16: 근무 | W16: 근무 | X16: 근무 | Y16: 근무 | Z16: 휴무 | AA16: 근무 | AB16: 근무 | AC16: 휴무 | AD16: 근무 | AE16: 근무 | AF16: 근무 | AG16: - | AH16: - | AI16: - | AJ16: - | AK16: - | AL16: =COUNTIF(G16:AK16,"근무") -> 21 | AM16: =COUNTIF(G16:AK16,"휴무") -> 5 | AN16: =COUNTIF(G16:AK16,"월차")+COUNTIF(G16:AK16,"반차") -> 0 | AO16: =COUNTIF(G16:AK16,"무단결근") -> 0 | AP16: =COUNTIF(G16:AK16,"무단조퇴") -> 0 | AQ16: =COUNTIF(G16:AK16,"권장휴무") -> 0 | AR16: =COUNTIF(G16:AK16,"권장조퇴") -> 0 | AS16: ='2-1.직원현황'!H18 -> 0 | AU16: ='2-1.직원현황'!J18 -> 0 | AV16: ='2-1.직원현황'!K18 -> 0 | AW16: ='2-1.직원현황'!L18 -> 신한 110 431 372066 | AY16: =IFERROR(VLOOKUP(B16,'2-1.직원현황'!$C$18:$AA$27,25,0),0) -> 4000000 | AZ16: =AY16/$AZ$4 -> 133333.33
B17: ='2-1.직원현황'!C19 -> 이도형 | C17: ='2-1.직원현황'!D19 -> 선택 | D17: ='2-1.직원현황'!E19 -> 0 | E17: ='2-1.직원현황'!F19 -> 46125 | F17: ='2-1.직원현황'!G19 -> 0 | G17: - | H17: - | I17: - | J17: - | K17: - | L17: - | M17: - | N17: - | O17: - | P17: - | Q17: - | R17: - | S17: 근무 | T17: 근무 | U17: 근무 | V17: 근무 | W17: 근무 | X17: 근무 | Y17: 휴무 | Z17: 근무 | AA17: 근무 | AB17: 근무 | AC17: 근무 | AD17: 근무 | AE17: 근무 | AF17: 근무 | AG17: - | AH17: - | AI17: - | AJ17: - | AK17: - | AL17: =COUNTIF(G17:AK17,"근무") -> 13 | AM17: =COUNTIF(G17:AK17,"휴무") -> 1 | AN17: =COUNTIF(G17:AK17,"월차")+COUNTIF(G17:AK17,"반차") -> 0 | AO17: =COUNTIF(G17:AK17,"무단결근") -> 0 | AP17: =COUNTIF(G17:AK17,"무단조퇴") -> 0 | AQ17: =COUNTIF(G17:AK17,"권장휴무") -> 0 | AR17: =COUNTIF(G17:AK17,"권장조퇴") -> 0 | AS17: ='2-1.직원현황'!H19 -> 0 | AU17: ='2-1.직원현황'!J19 -> 0 | AV17: ='2-1.직원현황'!K19 -> 0 | AW17: ='2-1.직원현황'!L19 -> 0 | AY17: =IFERROR(VLOOKUP(B17,'2-1.직원현황'!$C$18:$AA$27,25,0),0) -> 3400000 | AZ17: =AY17/$AZ$4 -> 113333.33
B18: ='2-1.직원현황'!C20 -> 0 | C18: ='2-1.직원현황'!D20 -> 선택 | D18: ='2-1.직원현황'!E20 -> 0 | E18: ='2-1.직원현황'!F20 -> 0 | F18: ='2-1.직원현황'!G20 -> 0 | G18: - | H18: - | I18: - | J18: - | K18: - | L18: - | M18: - | N18: - | O18: - | P18: - | Q18: - | R18: - | S18: - | T18: - | U18: - | V18: - | W18: - | X18: - | Y18: - | Z18: - | AA18: - | AB18: - | AC18: - | AD18: - | AE18: - | AF18: - | AG18: - | AH18: - | AI18: - | AJ18: - | AK18: - | AL18: =COUNTIF(G18:AK18,"근무") -> 0 | AM18: =COUNTIF(G18:AK18,"휴무") -> 0 | AN18: =COUNTIF(G18:AK18,"월차")+COUNTIF(G18:AK18,"반차") -> 0 | AO18: =COUNTIF(G18:AK18,"무단결근") -> 0 | AP18: =COUNTIF(G18:AK18,"무단조퇴") -> 0 | AQ18: =COUNTIF(G18:AK18,"권장휴무") -> 0 | AR18: =COUNTIF(G18:AK18,"권장조퇴") -> 0 | AS18: ='2-1.직원현황'!H20 -> 0 | AU18: ='2-1.직원현황'!J20 -> 0 | AV18: ='2-1.직원현황'!K20 -> 0 | AW18: ='2-1.직원현황'!L20 -> 0 | AY18: =IFERROR(VLOOKUP(B18,'2-1.직원현황'!$C$18:$AA$27,25,0),0) -> 0 | AZ18: =AY18/$AZ$4 -> 0
B19: ='2-1.직원현황'!C21 -> 0 | C19: ='2-1.직원현황'!D21 -> 선택 | D19: ='2-1.직원현황'!E21 -> 0 | E19: ='2-1.직원현황'!F21 -> 0 | F19: ='2-1.직원현황'!G21 -> 0 | G19: - | H19: - | I19: - | J19: - | K19: - | L19: - | M19: - | N19: - | O19: - | P19: - | Q19: - | R19: - | S19: - | T19: - | U19: - | V19: - | W19: - | X19: - | Y19: - | Z19: - | AA19: - | AB19: - | AC19: - | AD19: - | AE19: - | AF19: - | AG19: - | AH19: - | AI19: - | AJ19: - | AK19: - | AL19: =COUNTIF(G19:AK19,"근무") -> 0 | AM19: =COUNTIF(G19:AK19,"휴무") -> 0 | AN19: =COUNTIF(G19:AK19,"월차")+COUNTIF(G19:AK19,"반차") -> 0 | AO19: =COUNTIF(G19:AK19,"무단결근") -> 0 | AP19: =COUNTIF(G19:AK19,"무단조퇴") -> 0 | AQ19: =COUNTIF(G19:AK19,"권장휴무") -> 0 | AR19: =COUNTIF(G19:AK19,"권장조퇴") -> 0 | AS19: ='2-1.직원현황'!H21 -> 0 | AU19: ='2-1.직원현황'!J21 -> 0 | AV19: ='2-1.직원현황'!K21 -> 0 | AW19: ='2-1.직원현황'!L21 -> 0 | AY19: =IFERROR(VLOOKUP(B19,'2-1.직원현황'!$C$18:$AA$27,25,0),0) -> 0 | AZ19: =AY19/$AZ$4 -> 0
B20: ='2-1.직원현황'!C22 -> 0 | C20: ='2-1.직원현황'!D22 -> 선택 | D20: ='2-1.직원현황'!E22 -> 0 | E20: ='2-1.직원현황'!F22 -> 0 | F20: ='2-1.직원현황'!G22 -> 0 | G20: - | H20: - | I20: - | J20: - | K20: - | L20: - | M20: - | N20: - | O20: - | P20: - | Q20: - | R20: - | S20: - | T20: - | U20: - | V20: - | W20: - | X20: - | Y20: - | Z20: - | AA20: - | AB20: - | AC20: - | AD20: - | AE20: - | AF20: - | AG20: - | AH20: - | AI20: - | AJ20: - | AK20: - | AL20: =COUNTIF(G20:AK20,"근무") -> 0 | AM20: =COUNTIF(G20:AK20,"휴무") -> 0 | AN20: =COUNTIF(G20:AK20,"월차")+COUNTIF(G20:AK20,"반차") -> 0 | AO20: =COUNTIF(G20:AK20,"무단결근") -> 0 | AP20: =COUNTIF(G20:AK20,"무단조퇴") -> 0 | AQ20: =COUNTIF(G20:AK20,"권장휴무") -> 0 | AR20: =COUNTIF(G20:AK20,"권장조퇴") -> 0 | AS20: ='2-1.직원현황'!H22 -> 0 | AU20: ='2-1.직원현황'!J22 -> 0 | AV20: ='2-1.직원현황'!K22 -> 0 | AW20: ='2-1.직원현황'!L22 -> 0 | AY20: =IFERROR(VLOOKUP(B20,'2-1.직원현황'!$C$18:$AA$27,25,0),0) -> 0 | AZ20: =AY20/$AZ$4 -> 0
B21: ='2-1.직원현황'!C23 -> 0 | C21: ='2-1.직원현황'!D23 -> 선택 | D21: ='2-1.직원현황'!E23 -> 0 | E21: ='2-1.직원현황'!F23 -> 0 | F21: ='2-1.직원현황'!G23 -> 0 | G21: - | H21: - | I21: - | J21: - | K21: - | L21: - | M21: - | N21: - | O21: - | P21: - | Q21: - | R21: - | S21: - | T21: - | U21: - | V21: - | W21: - | X21: - | Y21: - | Z21: - | AA21: - | AB21: - | AC21: - | AD21: - | AE21: - | AF21: - | AG21: - | AH21: - | AI21: - | AJ21: - | AK21: - | AL21: =COUNTIF(G21:AK21,"근무") -> 0 | AM21: =COUNTIF(G21:AK21,"휴무") -> 0 | AN21: =COUNTIF(G21:AK21,"월차")+COUNTIF(G21:AK21,"반차") -> 0 | AO21: =COUNTIF(G21:AK21,"무단결근") -> 0 | AP21: =COUNTIF(G21:AK21,"무단조퇴") -> 0 | AQ21: =COUNTIF(G21:AK21,"권장휴무") -> 0 | AR21: =COUNTIF(G21:AK21,"권장조퇴") -> 0 | AS21: ='2-1.직원현황'!H23 -> 0 | AU21: ='2-1.직원현황'!J23 -> 0 | AV21: ='2-1.직원현황'!K23 -> 0 | AW21: ='2-1.직원현황'!L23 -> 0 | AY21: =IFERROR(VLOOKUP(B21,'2-1.직원현황'!$C$18:$AA$27,25,0),0) -> 0 | AZ21: =AY21/$AZ$4 -> 0
B22: ='2-1.직원현황'!C24 -> 0 | C22: ='2-1.직원현황'!D24 -> 선택 | D22: ='2-1.직원현황'!E24 -> 0 | E22: ='2-1.직원현황'!F24 -> 0 | F22: ='2-1.직원현황'!G24 -> 0 | G22: - | H22: - | I22: - | J22: - | K22: - | L22: - | M22: - | N22: - | O22: - | P22: - | Q22: - | R22: - | S22: - | T22: - | U22: - | V22: - | W22: - | X22: - | Y22: - | Z22: - | AA22: - | AB22: - | AC22: - | AD22: - | AE22: - | AF22: - | AG22: - | AH22: - | AI22: - | AJ22: - | AK22: - | AL22: =COUNTIF(G22:AK22,"근무") -> 0 | AM22: =COUNTIF(G22:AK22,"휴무") -> 0 | AN22: =COUNTIF(G22:AK22,"월차")+COUNTIF(G22:AK22,"반차") -> 0 | AO22: =COUNTIF(G22:AK22,"무단결근") -> 0 | AP22: =COUNTIF(G22:AK22,"무단조퇴") -> 0 | AQ22: =COUNTIF(G22:AK22,"권장휴무") -> 0 | AR22: =COUNTIF(G22:AK22,"권장조퇴") -> 0 | AS22: ='2-1.직원현황'!H24 -> 0 | AU22: ='2-1.직원현황'!J24 -> 0 | AV22: ='2-1.직원현황'!K24 -> 0 | AW22: ='2-1.직원현황'!L24 -> 0 | AY22: =IFERROR(VLOOKUP(B22,'2-1.직원현황'!$C$18:$AA$27,25,0),0) -> 0 | AZ22: =AY22/$AZ$4 -> 0
B23: ='2-1.직원현황'!C25 -> 0 | C23: ='2-1.직원현황'!D25 -> 선택 | D23: ='2-1.직원현황'!E25 -> 0 | E23: ='2-1.직원현황'!F25 -> 0 | F23: ='2-1.직원현황'!G25 -> 0 | G23: - | H23: - | I23: - | J23: - | K23: - | L23: - | M23: - | N23: - | O23: - | P23: - | Q23: - | R23: - | S23: - | T23: - | U23: - | V23: - | W23: - | X23: - | Y23: - | Z23: - | AA23: - | AB23: - | AC23: - | AD23: - | AE23: - | AF23: - | AG23: - | AH23: - | AI23: - | AJ23: - | AK23: - | AL23: =COUNTIF(G23:AK23,"근무") -> 0 | AM23: =COUNTIF(G23:AK23,"휴무") -> 0 | AN23: =COUNTIF(G23:AK23,"월차")+COUNTIF(G23:AK23,"반차") -> 0 | AO23: =COUNTIF(G23:AK23,"무단결근") -> 0 | AP23: =COUNTIF(G23:AK23,"무단조퇴") -> 0 | AQ23: =COUNTIF(G23:AK23,"권장휴무") -> 0 | AR23: =COUNTIF(G23:AK23,"권장조퇴") -> 0 | AS23: ='2-1.직원현황'!H25 -> 0 | AU23: ='2-1.직원현황'!J25 -> 0 | AV23: ='2-1.직원현황'!K25 -> 0 | AW23: ='2-1.직원현황'!L25 -> 0 | AY23: =IFERROR(VLOOKUP(B23,'2-1.직원현황'!$C$18:$AA$27,25,0),0) -> 0 | AZ23: =AY23/$AZ$4 -> 0
B24: ='2-1.직원현황'!C26 -> 0 | C24: ='2-1.직원현황'!D26 -> 선택 | D24: ='2-1.직원현황'!E26 -> 0 | E24: ='2-1.직원현황'!F26 -> 0 | F24: ='2-1.직원현황'!G26 -> 0 | G24: - | H24: - | I24: - | J24: - | K24: - | L24: - | M24: - | N24: - | O24: - | P24: - | Q24: - | R24: - | S24: - | T24: - | U24: - | V24: - | W24: - | X24: - | Y24: - | Z24: - | AA24: - | AB24: - | AC24: - | AD24: - | AE24: - | AF24: - | AG24: - | AH24: - | AI24: - | AJ24: - | AK24: - | AL24: =COUNTIF(G24:AK24,"근무") -> 0 | AM24: =COUNTIF(G24:AK24,"휴무") -> 0 | AN24: =COUNTIF(G24:AK24,"월차")+COUNTIF(G24:AK24,"반차") -> 0 | AO24: =COUNTIF(G24:AK24,"무단결근") -> 0 | AP24: =COUNTIF(G24:AK24,"무단조퇴") -> 0 | AQ24: =COUNTIF(G24:AK24,"권장휴무") -> 0 | AR24: =COUNTIF(G24:AK24,"권장조퇴") -> 0 | AS24: ='2-1.직원현황'!H26 -> 0 | AU24: ='2-1.직원현황'!J26 -> 0 | AV24: ='2-1.직원현황'!K26 -> 0 | AW24: ='2-1.직원현황'!L26 -> 0 | AY24: =IFERROR(VLOOKUP(B24,'2-1.직원현황'!$C$18:$AA$27,25,0),0) -> 0 | AZ24: =AY24/$AZ$4 -> 0
B25: ='2-1.직원현황'!C27 -> 0 | C25: ='2-1.직원현황'!D27 -> 선택 | D25: ='2-1.직원현황'!E27 -> 0 | E25: ='2-1.직원현황'!F27 -> 0 | F25: ='2-1.직원현황'!G27 -> 0 | G25: - | H25: - | I25: - | J25: - | K25: - | L25: - | M25: - | N25: - | O25: - | P25: - | Q25: - | R25: - | S25: - | T25: - | U25: - | V25: - | W25: - | X25: - | Y25: - | Z25: - | AA25: - | AB25: - | AC25: - | AD25: - | AE25: - | AF25: - | AG25: - | AH25: - | AI25: - | AJ25: - | AK25: - | AL25: =COUNTIF(G25:AK25,"근무") -> 0 | AM25: =COUNTIF(G25:AK25,"휴무") -> 0 | AN25: =COUNTIF(G25:AK25,"월차")+COUNTIF(G25:AK25,"반차") -> 0 | AO25: =COUNTIF(G25:AK25,"무단결근") -> 0 | AP25: =COUNTIF(G25:AK25,"무단조퇴") -> 0 | AQ25: =COUNTIF(G25:AK25,"권장휴무") -> 0 | AR25: =COUNTIF(G25:AK25,"권장조퇴") -> 0 | AS25: ='2-1.직원현황'!H27 -> 0 | AU25: ='2-1.직원현황'!J27 -> 0 | AV25: ='2-1.직원현황'!K27 -> 0 | AW25: ='2-1.직원현황'!L27 -> 0 | AY25: =IFERROR(VLOOKUP(B25,'2-1.직원현황'!$C$18:$AA$27,25,0),0) -> 0 | AZ25: =AY25/$AZ$4 -> 0
B26: 총 근로자 | G26: =COUNTIF(G6:G25,"근무")+COUNTIF(G6:G25,"지원") -> 2 | H26: =COUNTIF(H6:H25,"근무")+COUNTIF(H6:H25,"지원") -> 4 | I26: =COUNTIF(I6:I25,"근무")+COUNTIF(I6:I25,"지원") -> 4 | J26: =COUNTIF(J6:J25,"근무")+COUNTIF(J6:J25,"지원") -> 4 | K26: =COUNTIF(K6:K25,"근무")+COUNTIF(K6:K25,"지원") -> 3 | L26: =COUNTIF(L6:L25,"근무")+COUNTIF(L6:L25,"지원") -> 2 | M26: =COUNTIF(M6:M25,"근무")+COUNTIF(M6:M25,"지원") -> 4 | N26: =COUNTIF(N6:N25,"근무")+COUNTIF(N6:N25,"지원") -> 3 | ... AK26: =COUNTIF(AK6:AK25,"근무")+COUNTIF(AK6:AK25,"지원") -> 0
B28: ② 알바 근무현황 _ 근무시간 직접 작성(예 : 1, 1.5, 2, 2.5…)
B29: 이름 | C29: 파트 (홀/주방) | D29: 직책 | E29: 입사일 | F29: 퇴사일 (마지막근무일) | G29: 1 | H29: 2 | I29: 3 | J29: 4 | K29: 5 | L29: 6 | M29: 7 | N29: 8 | O29: 9 | P29: 10 | Q29: 11 | R29: 12 | S29: 13 | T29: 14 | U29: 15 | V29: 16 | W29: 17 | X29: 18 | Y29: 19 | Z29: 20 | AA29: 21 | AB29: 22 | AC29: 23 | AD29: 24 | AE29: 25 | AF29: 26 | AG29: 27 | AH29: 28 | AI29: 29 | AJ29: 30 | AK29: 31 | AL29: 총근무시간 | AM29: 시급 | AN29: 월급여 | AU29: 연락처 | AV29: 주민번호 | AW29: 급여계좌
B31: ='2-1.직원현황'!C31 -> 최은태 | C31: ='2-1.직원현황'!D31 -> 주방 | D31: ='2-1.직원현황'!E31 -> 파트타임 | E31: ='2-1.직원현황'!F31 -> 0 | F31: ='2-1.직원현황'!G31 -> 0 | G31: 10 | H31: 10 | I31: 10 | J31: 10 | K31: 10 | L31: 10 | N31: 10 | O31: 10 | P31: 10 | Q31: 10 | R31: 10 | S31: 10 | T31: 10 | U31: 10 | V31: 10 | W31: 10 | X31: 10 | Y31: 10 | Z31: 10 | AB31: 10 | AC31: 10 | AD31: 10 | AE31: 10 | AF31: 10 | AL31: =SUM(G31:AK31) -> 240 | AM31: ='2-1.직원현황'!I31 -> 20000 | AN31: =AL31*AM31 -> 4800000 | AU31: ='2-1.직원현황'!J31 -> 0 | AV31: ='2-1.직원현황'!K31 -> 800303-2637310 | AW31: ='2-1.직원현황'!L31 -> 경남 221 0110 1350 07
B32: ='2-1.직원현황'!C32 -> 이서문 | C32: ='2-1.직원현황'!D32 -> 선택 | D32: ='2-1.직원현황'!E32 -> 파트타임 | E32: ='2-1.직원현황'!F32 -> 0 | F32: ='2-1.직원현황'!G32 -> 0 | I32: 6 | J32: 8 | P32: 6 | Q32: 7 | W32: 7 | X32: 8 | AD32: 7 | AE32: 9 | AF32: 10 | AL32: =SUM(G32:AK32) -> 68 | AM32: ='2-1.직원현황'!I32 -> 13000 | AN32: =AL32*AM32 -> 884000 | AU32: ='2-1.직원현황'!J32 -> 0 | AV32: ='2-1.직원현황'!K32 -> 960527-2471215 | AW32: ='2-1.직원현황'!L32 -> 카카오 3333 344 538401
B33: ='2-1.직원현황'!C33 -> 김복순 | C33: ='2-1.직원현황'!D33 -> 선택 | D33: ='2-1.직원현황'!E33 -> 파트타임 | E33: ='2-1.직원현황'!F33 -> 0 | F33: ='2-1.직원현황'!G33 -> 0 | I33: 6 | J33: 6.5 | P33: 6 | Q33: 6 | AL33: =SUM(G33:AK33) -> 24.5 | AM33: ='2-1.직원현황'!I33 -> 12000 | AN33: =AL33*AM33 -> 294000 | AU33: ='2-1.직원현황'!J33 -> 0 | AV33: ='2-1.직원현황'!K33 -> 601109-6102493 | AW33: ='2-1.직원현황'!L33 -> 국민 424002 01 337949
B34: ='2-1.직원현황'!C34 -> 이도형 | C34: ='2-1.직원현황'!D34 -> 선택 | D34: ='2-1.직원현황'!E34 -> 파트타임 | E34: ='2-1.직원현황'!F34 -> 0 | F34: ='2-1.직원현황'!G34 -> 0 | O34: 7 | P34: 7 | AL34: =SUM(G34:AK34) -> 14 | AM34: ='2-1.직원현황'!I34 -> 13000 | AN34: =AL34*AM34 -> 182000 | AU34: ='2-1.직원현황'!J34 -> 0 | AV34: ='2-1.직원현황'!K34 -> 0 | AW34: ='2-1.직원현황'!L34 -> 0
B35: ='2-1.직원현황'!C35 -> 송은비 | C35: ='2-1.직원현황'!D35 -> 선택 | D35: ='2-1.직원현황'!E35 -> 파트타임 | E35: ='2-1.직원현황'!F35 -> 0 | F35: ='2-1.직원현황'!G35 -> 0 | AE35: 7 | AL35: =SUM(G35:AK35) -> 7 | AM35: ='2-1.직원현황'!I35 -> 13000 | AN35: =AL35*AM35 -> 91000 | AU35: ='2-1.직원현황'!J35 -> 0 | AV35: ='2-1.직원현황'!K35 -> 0 | AW35: ='2-1.직원현황'!L35 -> 0
B36: ='2-1.직원현황'!C36 -> 김범창 | C36: ='2-1.직원현황'!D36 -> 선택 | D36: ='2-1.직원현황'!E36 -> 파트타임 | E36: ='2-1.직원현황'!F36 -> 0 | F36: ='2-1.직원현황'!G36 -> 0 | AE36: 3.5 | AL36: =SUM(G36:AK36) -> 3.5 | AM36: ='2-1.직원현황'!I36 -> 13000 | AN36: =AL36*AM36 -> 45500 | AU36: ='2-1.직원현황'!J36 -> 0 | AV36: ='2-1.직원현황'!K36 -> 0 | AW36: ='2-1.직원현황'!L36 -> 0
B37: ='2-1.직원현황'!C37 -> 0 | C37: ='2-1.직원현황'!D37 -> 선택 | D37: ='2-1.직원현황'!E37 -> 파트타임 | E37: ='2-1.직원현황'!F37 -> 0 | F37: ='2-1.직원현황'!G37 -> 0 | AL37: =SUM(G37:AK37) -> 0 | AM37: ='2-1.직원현황'!I37 -> 0 | AN37: =AL37*AM37 -> 0 | AU37: ='2-1.직원현황'!J37 -> 0 | AV37: ='2-1.직원현황'!K37 -> 0 | AW37: ='2-1.직원현황'!L37 -> 0
B38: ='2-1.직원현황'!C38 -> 0 | C38: ='2-1.직원현황'!D38 -> 선택 | D38: ='2-1.직원현황'!E38 -> 파트타임 | E38: ='2-1.직원현황'!F38 -> 0 | F38: ='2-1.직원현황'!G38 -> 0 | AL38: =SUM(G38:AK38) -> 0 | AM38: ='2-1.직원현황'!I38 -> 0 | AN38: =AL38*AM38 -> 0 | AU38: ='2-1.직원현황'!J38 -> 0 | AV38: ='2-1.직원현황'!K38 -> 0 | AW38: ='2-1.직원현황'!L38 -> 0
B39: ='2-1.직원현황'!C39 -> 0 | C39: ='2-1.직원현황'!D39 -> 선택 | D39: ='2-1.직원현황'!E39 -> 파트타임 | E39: ='2-1.직원현황'!F39 -> 0 | F39: ='2-1.직원현황'!G39 -> 0 | AL39: =SUM(G39:AK39) -> 0 | AM39: ='2-1.직원현황'!I39 -> 0 | AN39: =AL39*AM39 -> 0 | AU39: ='2-1.직원현황'!J39 -> 0 | AV39: ='2-1.직원현황'!K39 -> 0 | AW39: ='2-1.직원현황'!L39 -> 0
B40: ='2-1.직원현황'!C40 -> 0 | C40: ='2-1.직원현황'!D40 -> 선택 | D40: ='2-1.직원현황'!E40 -> 파트타임 | E40: ='2-1.직원현황'!F40 -> 0 | F40: ='2-1.직원현황'!G40 -> 0 | AL40: =SUM(G40:AK40) -> 0 | AM40: ='2-1.직원현황'!I40 -> 0 | AN40: =AL40*AM40 -> 0 | AU40: ='2-1.직원현황'!J40 -> 0 | AV40: ='2-1.직원현황'!K40 -> 0 | AW40: ='2-1.직원현황'!L40 -> 0
B41: ='2-1.직원현황'!C41 -> 0 | C41: ='2-1.직원현황'!D41 -> 선택 | D41: ='2-1.직원현황'!E41 -> 파트타임 | E41: ='2-1.직원현황'!F41 -> 0 | F41: ='2-1.직원현황'!G41 -> 0 | AL41: =SUM(G41:AK41) -> 0 | AM41: ='2-1.직원현황'!I41 -> 0 | AN41: =AL41*AM41 -> 0 | AU41: ='2-1.직원현황'!J41 -> 0 | AV41: ='2-1.직원현황'!K41 -> 0 | AW41: ='2-1.직원현황'!L41 -> 0
B42: ='2-1.직원현황'!C42 -> 0 | C42: ='2-1.직원현황'!D42 -> 선택 | D42: ='2-1.직원현황'!E42 -> 파트타임 | E42: ='2-1.직원현황'!F42 -> 0 | F42: ='2-1.직원현황'!G42 -> 0 | AL42: =SUM(G42:AK42) -> 0 | AM42: ='2-1.직원현황'!I42 -> 0 | AN42: =AL42*AM42 -> 0 | AU42: ='2-1.직원현황'!J42 -> 0 | AV42: ='2-1.직원현황'!K42 -> 0 | AW42: ='2-1.직원현황'!L42 -> 0
B43: ='2-1.직원현황'!C43 -> 0 | C43: ='2-1.직원현황'!D43 -> 선택 | D43: ='2-1.직원현황'!E43 -> 파트타임 | E43: ='2-1.직원현황'!F43 -> 0 | F43: ='2-1.직원현황'!G43 -> 0 | AL43: =SUM(G43:AK43) -> 0 | AM43: ='2-1.직원현황'!I43 -> 0 | AN43: =AL43*AM43 -> 0 | AU43: ='2-1.직원현황'!J43 -> 0 | AV43: ='2-1.직원현황'!K43 -> 0 | AW43: ='2-1.직원현황'!L43 -> 0
B44: ='2-1.직원현황'!C44 -> 0 | C44: ='2-1.직원현황'!D44 -> 선택 | D44: ='2-1.직원현황'!E44 -> 파트타임 | E44: ='2-1.직원현황'!F44 -> 0 | F44: ='2-1.직원현황'!G44 -> 0 | AL44: =SUM(G44:AK44) -> 0 | AM44: ='2-1.직원현황'!I44 -> 0 | AN44: =AL44*AM44 -> 0 | AU44: ='2-1.직원현황'!J44 -> 0 | AV44: ='2-1.직원현황'!K44 -> 0 | AW44: ='2-1.직원현황'!L44 -> 0
B45: ='2-1.직원현황'!C45 -> 0 | C45: ='2-1.직원현황'!D45 -> 선택 | D45: ='2-1.직원현황'!E45 -> 파트타임 | E45: ='2-1.직원현황'!F45 -> 0 | F45: ='2-1.직원현황'!G45 -> 0 | AL45: =SUM(G45:AK45) -> 0 | AM45: ='2-1.직원현황'!I45 -> 0 | AN45: =AL45*AM45 -> 0 | AU45: ='2-1.직원현황'!J45 -> 0 | AV45: ='2-1.직원현황'!K45 -> 0 | AW45: ='2-1.직원현황'!L45 -> 0
B46: 총 근로자 | G46: =COUNT(G31:G45) -> 1 | H46: =COUNT(H31:H45) -> 1 | I46: =COUNT(I31:I45) -> 3 | J46: =COUNT(J31:J45) -> 3 | K46: =COUNT(K31:K45) -> 1 | L46: =COUNT(L31:L45) -> 1 | M46: =COUNT(M31:M45) -> 0 | N46: =COUNT(N31:N45) -> 1 | ... AK46: =COUNT(AK31:AK45) -> 0 | AL46: =SUM(G46:AK46) -> 41 | AN46: =SUM(AN31:AO45) -> 6296500
G50: 1 | H50: 2 | I50: 3 | J50: 4 | K50: 5 | L50: 6 | M50: 7 | N50: 8 | O50: 9 | P50: 10 | Q50: 11 | R50: 12 | S50: 13 | T50: 14 | U50: 15 | V50: 16 | W50: 17 | X50: 18 | Y50: 19 | Z50: 20 | AA50: 21 | AB50: 22 | AC50: 23 | AD50: 24 | AE50: 25 | AF50: 26 | AG50: 27 | AH50: 28 | AI50: 29 | AJ50: 30 | AK50: 31
F51: 근무 | G51: =COUNTIF(G6:G25,"근무") -> 2 | H51: =COUNTIF(H6:H25,"근무") -> 4 | I51: =COUNTIF(I6:I25,"근무") -> 4 | J51: =COUNTIF(J6:J25,"근무") -> 4 | K51: =COUNTIF(K6:K25,"근무") -> 3 | L51: =COUNTIF(L6:L25,"근무") -> 2 | M51: =COUNTIF(M6:M25,"근무") -> 4 | N51: =COUNTIF(N6:N25,"근무") -> 3 | ... AK51: =COUNTIF(AK6:AK25,"근무") -> 0 | AL51: =SUM(G51:AK51) -> 96
F52: 휴무 | G52: =COUNTIF(G6:G25,"휴무") -> 2 | H52: =COUNTIF(H6:H25,"휴무") -> 0 | I52: =COUNTIF(I6:I25,"휴무") -> 0 | J52: =COUNTIF(J6:J25,"휴무") -> 0 | K52: =COUNTIF(K6:K25,"휴무") -> 1 | L52: =COUNTIF(L6:L25,"휴무") -> 2 | M52: =COUNTIF(M6:M25,"휴무") -> 0 | N52: =COUNTIF(N6:N25,"휴무") -> 1 | ... AK52: =COUNTIF(AK6:AK25,"휴무") -> 0 | AL52: =SUM(G52:AK52) -> 21
F53: 월차/반차 | G53: =COUNTIF(G6:G25,"월차")+COUNTIF(G6:G25,"반차") -> 0 | H53: =COUNTIF(H6:H25,"월차")+COUNTIF(H6:H25,"반차") -> 0 | I53: =COUNTIF(I6:I25,"월차")+COUNTIF(I6:I25,"반차") -> 0 | J53: =COUNTIF(J6:J25,"월차")+COUNTIF(J6:J25,"반차") -> 0 | K53: =COUNTIF(K6:K25,"월차")+COUNTIF(K6:K25,"반차") -> 0 | L53: =COUNTIF(L6:L25,"월차")+COUNTIF(L6:L25,"반차") -> 0 | M53: =COUNTIF(M6:M25,"월차")+COUNTIF(M6:M25,"반차") -> 0 | N53: =COUNTIF(N6:N25,"월차")+COUNTIF(N6:N25,"반차") -> 0 | ... AK53: =COUNTIF(AK6:AK25,"월차")+COUNTIF(AK6:AK25,"반차") -> 0 | AL53: =SUM(G53:AK53) -> 1
F54: 무단무급 | G54: =COUNTIF(G6:G25,"무단결근")+COUNTIF(G6:G25,"무단조퇴") -> 0 | H54: =COUNTIF(H6:H25,"무단결근")+COUNTIF(H6:H25,"무단조퇴") -> 0 | I54: =COUNTIF(I6:I25,"무단결근")+COUNTIF(I6:I25,"무단조퇴") -> 0 | J54: =COUNTIF(J6:J25,"무단결근")+COUNTIF(J6:J25,"무단조퇴") -> 0 | K54: =COUNTIF(K6:K25,"무단결근")+COUNTIF(K6:K25,"무단조퇴") -> 0 | L54: =COUNTIF(L6:L25,"무단결근")+COUNTIF(L6:L25,"무단조퇴") -> 0 | M54: =COUNTIF(M6:M25,"무단결근")+COUNTIF(M6:M25,"무단조퇴") -> 0 | N54: =COUNTIF(N6:N25,"무단결근")+COUNTIF(N6:N25,"무단조퇴") -> 0 | ... AK54: =COUNTIF(AK6:AK25,"무단결근")+COUNTIF(AK6:AK25,"무단조퇴") -> 0 | AL54: =SUM(G54:AK54) -> 0
F55: 권장휴무 | G55: =COUNTIF(G6:G25,"권장휴무")+COUNTIF(G6:G25,"권장조퇴") -> 0 | H55: =COUNTIF(H6:H25,"권장휴무")+COUNTIF(H6:H25,"권장조퇴") -> 0 | I55: =COUNTIF(I6:I25,"권장휴무")+COUNTIF(I6:I25,"권장조퇴") -> 0 | J55: =COUNTIF(J6:J25,"권장휴무")+COUNTIF(J6:J25,"권장조퇴") -> 0 | K55: =COUNTIF(K6:K25,"권장휴무")+COUNTIF(K6:K25,"권장조퇴") -> 0 | L55: =COUNTIF(L6:L25,"권장휴무")+COUNTIF(L6:L25,"권장조퇴") -> 0 | M55: =COUNTIF(M6:M25,"권장휴무")+COUNTIF(M6:M25,"권장조퇴") -> 0 | N55: =COUNTIF(N6:N25,"권장휴무")+COUNTIF(N6:N25,"권장조퇴") -> 0 | ... AK55: =COUNTIF(AK6:AK25,"권장휴무")+COUNTIF(AK6:AK25,"권장조퇴") -> 0 | AL55: =SUM(G55:AK55) -> 0
F56: 예비군/민방위 | G56: =COUNTIF(G6:G25,"예비군")+COUNTIF(G6:G25,"민방위") -> 0 | H56: =COUNTIF(H6:H25,"예비군")+COUNTIF(H6:H25,"민방위") -> 0 | I56: =COUNTIF(I6:I25,"예비군")+COUNTIF(I6:I25,"민방위") -> 0 | J56: =COUNTIF(J6:J25,"예비군")+COUNTIF(J6:J25,"민방위") -> 0 | K56: =COUNTIF(K6:K25,"예비군")+COUNTIF(K6:K25,"민방위") -> 0 | L56: =COUNTIF(L6:L25,"예비군")+COUNTIF(L6:L25,"민방위") -> 0 | M56: =COUNTIF(M6:M25,"예비군")+COUNTIF(M6:M25,"민방위") -> 0 | N56: =COUNTIF(N6:N25,"예비군")+COUNTIF(N6:N25,"민방위") -> 0 | ... AK56: =COUNTIF(AK6:AK25,"예비군")+COUNTIF(AK6:AK25,"민방위") -> 0 | AL56: =SUM(G56:AK56) -> 0
F57: 지원 | G57: =COUNTIF(G6:G25,"지원") -> 0 | H57: =COUNTIF(H6:H25,"지원") -> 0 | I57: =COUNTIF(I6:I25,"지원") -> 0 | J57: =COUNTIF(J6:J25,"지원") -> 0 | K57: =COUNTIF(K6:K25,"지원") -> 0 | L57: =COUNTIF(L6:L25,"지원") -> 0 | M57: =COUNTIF(M6:M25,"지원") -> 0 | N57: =COUNTIF(N6:N25,"지원") -> 0 | ... AK57: =COUNTIF(AK6:AK25,"지원") -> 0 | AL57: =SUM(G57:AK57) -> 0
F58: 파견 | G58: =COUNTIF(G6:G25,"파견") -> 0 | H58: =COUNTIF(H6:H25,"파견") -> 0 | I58: =COUNTIF(I6:I25,"파견") -> 0 | J58: =COUNTIF(J6:J25,"파견") -> 0 | K58: =COUNTIF(K6:K25,"파견") -> 0 | L58: =COUNTIF(L6:L25,"파견") -> 0 | M58: =COUNTIF(M6:M25,"파견") -> 0 | N58: =COUNTIF(N6:N25,"파견") -> 0 | ... AK58: =COUNTIF(AK6:AK25,"파견") -> 0 | AL58: =SUM(G58:AK58) -> 0
F59: 관리팀 | AL59: =SUM(G59:AK59) -> 0
B61: ④정직원 일급여 현황
B62: 이름 | C62: 파트 (홀/주방) | D62: 직책 | E62: 입사일 | F62: 퇴사일 (마지막근무일) | G62: 1 | H62: 2 | I62: 3 | J62: 4 | K62: 5 | L62: 6 | M62: 7 | N62: 8 | O62: 9 | P62: 10 | Q62: 11 | R62: 12 | S62: 13 | T62: 14 | U62: 15 | V62: 16 | W62: 17 | X62: 18 | Y62: 19 | Z62: 20 | AA62: 21 | AB62: 22 | AC62: 23 | AD62: 24 | AE62: 25 | AF62: 26 | AG62: 27 | AH62: 28 | AI62: 29 | AJ62: 30 | AK62: 31
B64: =B6 -> 박성배 | C64: =C6 -> 선택 | D64: =D6 -> 주방 | E64: =E6 -> 46022 | F64: =F6 -> 0 | G64: {=IFERROR(_xlfn.IFS(G6="-","0",G6="근무","1",G6="휴무","1",G6="월차","1", G6="반차","1", G6="무단결근","0",G6="무단조퇴","0.5",G6="권장휴무","0",G6="권장조퇴","0.5",G6="예비군","1",G6="민방위","1",G6="지원","1",G6="파견","0")*$AZ6,0)} -> 131013 | H64: {=IFERROR(_xlfn.IFS(H6="-","0",H6="근무","1",H6="휴무","1",H6="월차","1", H6="반차","1", H6="무단결근","0",H6="무단조퇴","0.5",H6="권장휴무","0",H6="권장조퇴","0.5",H6="예비군","1",H6="민방위","1",H6="지원","1",H6="파견","0")*$AZ6,0)} -> 131013 | I64: {=IFERROR(_xlfn.IFS(I6="-","0",I6="근무","1",I6="휴무","1",I6="월차","1", I6="반차","1", I6="무단결근","0",I6="무단조퇴","0.5",I6="권장휴무","0",I6="권장조퇴","0.5",I6="예비군","1",I6="민방위","1",I6="지원","1",I6="파견","0")*$AZ6,0)} -> 131013 | J64: {=IFERROR(_xlfn.IFS(J6="-","0",J6="근무","1",J6="휴무","1",J6="월차","1", J6="반차","1", J6="무단결근","0",J6="무단조퇴","0.5",J6="권장휴무","0",J6="권장조퇴","0.5",J6="예비군","1",J6="민방위","1",J6="지원","1",J6="파견","0")*$AZ6,0)} -> 131013 | K64: {=IFERROR(_xlfn.IFS(K6="-","0",K6="근무","1",K6="휴무","1",K6="월차","1", K6="반차","1", K6="무단결근","0",K6="무단조퇴","0.5",K6="권장휴무","0",K6="권장조퇴","0.5",K6="예비군","1",K6="민방위","1",K6="지원","1",K6="파견","0")*$AZ6,0)} -> 131013 | L64: {=IFERROR(_xlfn.IFS(L6="-","0",L6="근무","1",L6="휴무","1",L6="월차","1", L6="반차","1", L6="무단결근","0",L6="무단조퇴","0.5",L6="권장휴무","0",L6="권장조퇴","0.5",L6="예비군","1",L6="민방위","1",L6="지원","1",L6="파견","0")*$AZ6,0)} -> 131013 | M64: {=IFERROR(_xlfn.IFS(M6="-","0",M6="근무","1",M6="휴무","1",M6="월차","1", M6="반차","1", M6="무단결근","0",M6="무단조퇴","0.5",M6="권장휴무","0",M6="권장조퇴","0.5",M6="예비군","1",M6="민방위","1",M6="지원","1",M6="파견","0")*$AZ6,0)} -> 131013 | N64: {=IFERROR(_xlfn.IFS(N6="-","0",N6="근무","1",N6="휴무","1",N6="월차","1", N6="반차","1", N6="무단결근","0",N6="무단조퇴","0.5",N6="권장휴무","0",N6="권장조퇴","0.5",N6="예비군","1",N6="민방위","1",N6="지원","1",N6="파견","0")*$AZ6,0)} -> 131013 | ... AK64: {=IFERROR(_xlfn.IFS(AK6="-","0",AK6="근무","1",AK6="휴무","1",AK6="월차","1", AK6="반차","1", AK6="무단결근","0",AK6="무단조퇴","0.5",AK6="권장휴무","0",AK6="권장조퇴","0.5",AK6="예비군","1",AK6="민방위","1",AK6="지원","1",AK6="파견","0")*$AZ6,0)} -> 0
B65: =B7 -> 박참이 | C65: =C7 -> 선택 | D65: =D7 -> 주방 | E65: =E7 -> 46113 | F65: =F7 -> 0 | G65: {=IFERROR(_xlfn.IFS(G7="-","0",G7="근무","1",G7="휴무","1",G7="월차","1", G7="반차","1", G7="무단결근","0",G7="무단조퇴","0.5",G7="권장휴무","0",G7="권장조퇴","0.5",G7="예비군","1",G7="민방위","1",G7="지원","1",G7="파견","0")*$AZ7,0)} -> 123698.33 | H65: {=IFERROR(_xlfn.IFS(H7="-","0",H7="근무","1",H7="휴무","1",H7="월차","1", H7="반차","1", H7="무단결근","0",H7="무단조퇴","0.5",H7="권장휴무","0",H7="권장조퇴","0.5",H7="예비군","1",H7="민방위","1",H7="지원","1",H7="파견","0")*$AZ7,0)} -> 123698.33 | I65: {=IFERROR(_xlfn.IFS(I7="-","0",I7="근무","1",I7="휴무","1",I7="월차","1", I7="반차","1", I7="무단결근","0",I7="무단조퇴","0.5",I7="권장휴무","0",I7="권장조퇴","0.5",I7="예비군","1",I7="민방위","1",I7="지원","1",I7="파견","0")*$AZ7,0)} -> 123698.33 | J65: {=IFERROR(_xlfn.IFS(J7="-","0",J7="근무","1",J7="휴무","1",J7="월차","1", J7="반차","1", J7="무단결근","0",J7="무단조퇴","0.5",J7="권장휴무","0",J7="권장조퇴","0.5",J7="예비군","1",J7="민방위","1",J7="지원","1",J7="파견","0")*$AZ7,0)} -> 123698.33 | K65: {=IFERROR(_xlfn.IFS(K7="-","0",K7="근무","1",K7="휴무","1",K7="월차","1", K7="반차","1", K7="무단결근","0",K7="무단조퇴","0.5",K7="권장휴무","0",K7="권장조퇴","0.5",K7="예비군","1",K7="민방위","1",K7="지원","1",K7="파견","0")*$AZ7,0)} -> 123698.33 | L65: {=IFERROR(_xlfn.IFS(L7="-","0",L7="근무","1",L7="휴무","1",L7="월차","1", L7="반차","1", L7="무단결근","0",L7="무단조퇴","0.5",L7="권장휴무","0",L7="권장조퇴","0.5",L7="예비군","1",L7="민방위","1",L7="지원","1",L7="파견","0")*$AZ7,0)} -> 123698.33 | M65: {=IFERROR(_xlfn.IFS(M7="-","0",M7="근무","1",M7="휴무","1",M7="월차","1", M7="반차","1", M7="무단결근","0",M7="무단조퇴","0.5",M7="권장휴무","0",M7="권장조퇴","0.5",M7="예비군","1",M7="민방위","1",M7="지원","1",M7="파견","0")*$AZ7,0)} -> 123698.33 | N65: {=IFERROR(_xlfn.IFS(N7="-","0",N7="근무","1",N7="휴무","1",N7="월차","1", N7="반차","1", N7="무단결근","0",N7="무단조퇴","0.5",N7="권장휴무","0",N7="권장조퇴","0.5",N7="예비군","1",N7="민방위","1",N7="지원","1",N7="파견","0")*$AZ7,0)} -> 123698.33 | ... AK65: {=IFERROR(_xlfn.IFS(AK7="-","0",AK7="근무","1",AK7="휴무","1",AK7="월차","1", AK7="반차","1", AK7="무단결근","0",AK7="무단조퇴","0.5",AK7="권장휴무","0",AK7="권장조퇴","0.5",AK7="예비군","1",AK7="민방위","1",AK7="지원","1",AK7="파견","0")*$AZ7,0)} -> 0
B66: =B8 -> 이건호 | C66: =C8 -> 선택 | D66: =D8 -> 홀 | E66: =E8 -> 46113 | F66: =F8 -> 0 | G66: {=IFERROR(_xlfn.IFS(G8="-","0",G8="근무","1",G8="휴무","1",G8="월차","1", G8="반차","1", G8="무단결근","0",G8="무단조퇴","0.5",G8="권장휴무","0",G8="권장조퇴","0.5",G8="예비군","1",G8="민방위","1",G8="지원","1",G8="파견","0")*$AZ8,0)} -> 123698.33 | H66: {=IFERROR(_xlfn.IFS(H8="-","0",H8="근무","1",H8="휴무","1",H8="월차","1", H8="반차","1", H8="무단결근","0",H8="무단조퇴","0.5",H8="권장휴무","0",H8="권장조퇴","0.5",H8="예비군","1",H8="민방위","1",H8="지원","1",H8="파견","0")*$AZ8,0)} -> 123698.33 | I66: {=IFERROR(_xlfn.IFS(I8="-","0",I8="근무","1",I8="휴무","1",I8="월차","1", I8="반차","1", I8="무단결근","0",I8="무단조퇴","0.5",I8="권장휴무","0",I8="권장조퇴","0.5",I8="예비군","1",I8="민방위","1",I8="지원","1",I8="파견","0")*$AZ8,0)} -> 123698.33 | J66: {=IFERROR(_xlfn.IFS(J8="-","0",J8="근무","1",J8="휴무","1",J8="월차","1", J8="반차","1", J8="무단결근","0",J8="무단조퇴","0.5",J8="권장휴무","0",J8="권장조퇴","0.5",J8="예비군","1",J8="민방위","1",J8="지원","1",J8="파견","0")*$AZ8,0)} -> 123698.33 | K66: {=IFERROR(_xlfn.IFS(K8="-","0",K8="근무","1",K8="휴무","1",K8="월차","1", K8="반차","1", K8="무단결근","0",K8="무단조퇴","0.5",K8="권장휴무","0",K8="권장조퇴","0.5",K8="예비군","1",K8="민방위","1",K8="지원","1",K8="파견","0")*$AZ8,0)} -> 123698.33 | L66: {=IFERROR(_xlfn.IFS(L8="-","0",L8="근무","1",L8="휴무","1",L8="월차","1", L8="반차","1", L8="무단결근","0",L8="무단조퇴","0.5",L8="권장휴무","0",L8="권장조퇴","0.5",L8="예비군","1",L8="민방위","1",L8="지원","1",L8="파견","0")*$AZ8,0)} -> 123698.33 | M66: {=IFERROR(_xlfn.IFS(M8="-","0",M8="근무","1",M8="휴무","1",M8="월차","1", M8="반차","1", M8="무단결근","0",M8="무단조퇴","0.5",M8="권장휴무","0",M8="권장조퇴","0.5",M8="예비군","1",M8="민방위","1",M8="지원","1",M8="파견","0")*$AZ8,0)} -> 123698.33 | N66: {=IFERROR(_xlfn.IFS(N8="-","0",N8="근무","1",N8="휴무","1",N8="월차","1", N8="반차","1", N8="무단결근","0",N8="무단조퇴","0.5",N8="권장휴무","0",N8="권장조퇴","0.5",N8="예비군","1",N8="민방위","1",N8="지원","1",N8="파견","0")*$AZ8,0)} -> 123698.33 | ... AK66: {=IFERROR(_xlfn.IFS(AK8="-","0",AK8="근무","1",AK8="휴무","1",AK8="월차","1", AK8="반차","1", AK8="무단결근","0",AK8="무단조퇴","0.5",AK8="권장휴무","0",AK8="권장조퇴","0.5",AK8="예비군","1",AK8="민방위","1",AK8="지원","1",AK8="파견","0")*$AZ8,0)} -> 0
B67: =B9 -> 0 | C67: =C9 -> 선택 | D67: =D9 -> 0 | E67: =E9 -> 0 | F67: =F9 -> 0 | G67: {=IFERROR(_xlfn.IFS(G9="-","0",G9="근무","1",G9="휴무","1",G9="월차","1", G9="반차","1", G9="무단결근","0",G9="무단조퇴","0.5",G9="권장휴무","0",G9="권장조퇴","0.5",G9="예비군","1",G9="민방위","1",G9="지원","1",G9="파견","0")*$AZ9,0)} -> 0 | H67: {=IFERROR(_xlfn.IFS(H9="-","0",H9="근무","1",H9="휴무","1",H9="월차","1", H9="반차","1", H9="무단결근","0",H9="무단조퇴","0.5",H9="권장휴무","0",H9="권장조퇴","0.5",H9="예비군","1",H9="민방위","1",H9="지원","1",H9="파견","0")*$AZ9,0)} -> 0 | I67: {=IFERROR(_xlfn.IFS(I9="-","0",I9="근무","1",I9="휴무","1",I9="월차","1", I9="반차","1", I9="무단결근","0",I9="무단조퇴","0.5",I9="권장휴무","0",I9="권장조퇴","0.5",I9="예비군","1",I9="민방위","1",I9="지원","1",I9="파견","0")*$AZ9,0)} -> 0 | J67: {=IFERROR(_xlfn.IFS(J9="-","0",J9="근무","1",J9="휴무","1",J9="월차","1", J9="반차","1", J9="무단결근","0",J9="무단조퇴","0.5",J9="권장휴무","0",J9="권장조퇴","0.5",J9="예비군","1",J9="민방위","1",J9="지원","1",J9="파견","0")*$AZ9,0)} -> 0 | K67: {=IFERROR(_xlfn.IFS(K9="-","0",K9="근무","1",K9="휴무","1",K9="월차","1", K9="반차","1", K9="무단결근","0",K9="무단조퇴","0.5",K9="권장휴무","0",K9="권장조퇴","0.5",K9="예비군","1",K9="민방위","1",K9="지원","1",K9="파견","0")*$AZ9,0)} -> 0 | L67: {=IFERROR(_xlfn.IFS(L9="-","0",L9="근무","1",L9="휴무","1",L9="월차","1", L9="반차","1", L9="무단결근","0",L9="무단조퇴","0.5",L9="권장휴무","0",L9="권장조퇴","0.5",L9="예비군","1",L9="민방위","1",L9="지원","1",L9="파견","0")*$AZ9,0)} -> 0 | M67: {=IFERROR(_xlfn.IFS(M9="-","0",M9="근무","1",M9="휴무","1",M9="월차","1", M9="반차","1", M9="무단결근","0",M9="무단조퇴","0.5",M9="권장휴무","0",M9="권장조퇴","0.5",M9="예비군","1",M9="민방위","1",M9="지원","1",M9="파견","0")*$AZ9,0)} -> 0 | N67: {=IFERROR(_xlfn.IFS(N9="-","0",N9="근무","1",N9="휴무","1",N9="월차","1", N9="반차","1", N9="무단결근","0",N9="무단조퇴","0.5",N9="권장휴무","0",N9="권장조퇴","0.5",N9="예비군","1",N9="민방위","1",N9="지원","1",N9="파견","0")*$AZ9,0)} -> 0 | ... AK67: {=IFERROR(_xlfn.IFS(AK9="-","0",AK9="근무","1",AK9="휴무","1",AK9="월차","1", AK9="반차","1", AK9="무단결근","0",AK9="무단조퇴","0.5",AK9="권장휴무","0",AK9="권장조퇴","0.5",AK9="예비군","1",AK9="민방위","1",AK9="지원","1",AK9="파견","0")*$AZ9,0)} -> 0
B68: =B10 -> 0 | C68: =C10 -> 선택 | D68: =D10 -> 0 | E68: =E10 -> 0 | F68: =F10 -> 0 | G68: {=IFERROR(_xlfn.IFS(G10="-","0",G10="근무","1",G10="휴무","1",G10="월차","1", G10="반차","1", G10="무단결근","0",G10="무단조퇴","0.5",G10="권장휴무","0",G10="권장조퇴","0.5",G10="예비군","1",G10="민방위","1",G10="지원","1",G10="파견","0")*$AZ10,0)} -> 0 | H68: {=IFERROR(_xlfn.IFS(H10="-","0",H10="근무","1",H10="휴무","1",H10="월차","1", H10="반차","1", H10="무단결근","0",H10="무단조퇴","0.5",H10="권장휴무","0",H10="권장조퇴","0.5",H10="예비군","1",H10="민방위","1",H10="지원","1",H10="파견","0")*$AZ10,0)} -> 0 | I68: {=IFERROR(_xlfn.IFS(I10="-","0",I10="근무","1",I10="휴무","1",I10="월차","1", I10="반차","1", I10="무단결근","0",I10="무단조퇴","0.5",I10="권장휴무","0",I10="권장조퇴","0.5",I10="예비군","1",I10="민방위","1",I10="지원","1",I10="파견","0")*$AZ10,0)} -> 0 | J68: {=IFERROR(_xlfn.IFS(J10="-","0",J10="근무","1",J10="휴무","1",J10="월차","1", J10="반차","1", J10="무단결근","0",J10="무단조퇴","0.5",J10="권장휴무","0",J10="권장조퇴","0.5",J10="예비군","1",J10="민방위","1",J10="지원","1",J10="파견","0")*$AZ10,0)} -> 0 | K68: {=IFERROR(_xlfn.IFS(K10="-","0",K10="근무","1",K10="휴무","1",K10="월차","1", K10="반차","1", K10="무단결근","0",K10="무단조퇴","0.5",K10="권장휴무","0",K10="권장조퇴","0.5",K10="예비군","1",K10="민방위","1",K10="지원","1",K10="파견","0")*$AZ10,0)} -> 0 | L68: {=IFERROR(_xlfn.IFS(L10="-","0",L10="근무","1",L10="휴무","1",L10="월차","1", L10="반차","1", L10="무단결근","0",L10="무단조퇴","0.5",L10="권장휴무","0",L10="권장조퇴","0.5",L10="예비군","1",L10="민방위","1",L10="지원","1",L10="파견","0")*$AZ10,0)} -> 0 | M68: {=IFERROR(_xlfn.IFS(M10="-","0",M10="근무","1",M10="휴무","1",M10="월차","1", M10="반차","1", M10="무단결근","0",M10="무단조퇴","0.5",M10="권장휴무","0",M10="권장조퇴","0.5",M10="예비군","1",M10="민방위","1",M10="지원","1",M10="파견","0")*$AZ10,0)} -> 0 | N68: {=IFERROR(_xlfn.IFS(N10="-","0",N10="근무","1",N10="휴무","1",N10="월차","1", N10="반차","1", N10="무단결근","0",N10="무단조퇴","0.5",N10="권장휴무","0",N10="권장조퇴","0.5",N10="예비군","1",N10="민방위","1",N10="지원","1",N10="파견","0")*$AZ10,0)} -> 0 | ... AK68: {=IFERROR(_xlfn.IFS(AK10="-","0",AK10="근무","1",AK10="휴무","1",AK10="월차","1", AK10="반차","1", AK10="무단결근","0",AK10="무단조퇴","0.5",AK10="권장휴무","0",AK10="권장조퇴","0.5",AK10="예비군","1",AK10="민방위","1",AK10="지원","1",AK10="파견","0")*$AZ10,0)} -> 0
B69: =B11 -> 0 | C69: =C11 -> 선택 | D69: =D11 -> 0 | E69: =E11 -> 0 | F69: =F11 -> 0 | G69: {=IFERROR(_xlfn.IFS(G11="-","0",G11="근무","1",G11="휴무","1",G11="월차","1", G11="반차","1", G11="무단결근","0",G11="무단조퇴","0.5",G11="권장휴무","0",G11="권장조퇴","0.5",G11="예비군","1",G11="민방위","1",G11="지원","1",G11="파견","0")*$AZ11,0)} -> 0 | H69: {=IFERROR(_xlfn.IFS(H11="-","0",H11="근무","1",H11="휴무","1",H11="월차","1", H11="반차","1", H11="무단결근","0",H11="무단조퇴","0.5",H11="권장휴무","0",H11="권장조퇴","0.5",H11="예비군","1",H11="민방위","1",H11="지원","1",H11="파견","0")*$AZ11,0)} -> 0 | I69: {=IFERROR(_xlfn.IFS(I11="-","0",I11="근무","1",I11="휴무","1",I11="월차","1", I11="반차","1", I11="무단결근","0",I11="무단조퇴","0.5",I11="권장휴무","0",I11="권장조퇴","0.5",I11="예비군","1",I11="민방위","1",I11="지원","1",I11="파견","0")*$AZ11,0)} -> 0 | J69: {=IFERROR(_xlfn.IFS(J11="-","0",J11="근무","1",J11="휴무","1",J11="월차","1", J11="반차","1", J11="무단결근","0",J11="무단조퇴","0.5",J11="권장휴무","0",J11="권장조퇴","0.5",J11="예비군","1",J11="민방위","1",J11="지원","1",J11="파견","0")*$AZ11,0)} -> 0 | K69: {=IFERROR(_xlfn.IFS(K11="-","0",K11="근무","1",K11="휴무","1",K11="월차","1", K11="반차","1", K11="무단결근","0",K11="무단조퇴","0.5",K11="권장휴무","0",K11="권장조퇴","0.5",K11="예비군","1",K11="민방위","1",K11="지원","1",K11="파견","0")*$AZ11,0)} -> 0 | L69: {=IFERROR(_xlfn.IFS(L11="-","0",L11="근무","1",L11="휴무","1",L11="월차","1", L11="반차","1", L11="무단결근","0",L11="무단조퇴","0.5",L11="권장휴무","0",L11="권장조퇴","0.5",L11="예비군","1",L11="민방위","1",L11="지원","1",L11="파견","0")*$AZ11,0)} -> 0 | M69: {=IFERROR(_xlfn.IFS(M11="-","0",M11="근무","1",M11="휴무","1",M11="월차","1", M11="반차","1", M11="무단결근","0",M11="무단조퇴","0.5",M11="권장휴무","0",M11="권장조퇴","0.5",M11="예비군","1",M11="민방위","1",M11="지원","1",M11="파견","0")*$AZ11,0)} -> 0 | N69: {=IFERROR(_xlfn.IFS(N11="-","0",N11="근무","1",N11="휴무","1",N11="월차","1", N11="반차","1", N11="무단결근","0",N11="무단조퇴","0.5",N11="권장휴무","0",N11="권장조퇴","0.5",N11="예비군","1",N11="민방위","1",N11="지원","1",N11="파견","0")*$AZ11,0)} -> 0 | ... AK69: {=IFERROR(_xlfn.IFS(AK11="-","0",AK11="근무","1",AK11="휴무","1",AK11="월차","1", AK11="반차","1", AK11="무단결근","0",AK11="무단조퇴","0.5",AK11="권장휴무","0",AK11="권장조퇴","0.5",AK11="예비군","1",AK11="민방위","1",AK11="지원","1",AK11="파견","0")*$AZ11,0)} -> 0
B70: =B12 -> 0 | C70: =C12 -> 선택 | D70: =D12 -> 0 | E70: =E12 -> 0 | F70: =F12 -> 0 | G70: {=IFERROR(_xlfn.IFS(G12="-","0",G12="근무","1",G12="휴무","1",G12="월차","1", G12="반차","1", G12="무단결근","0",G12="무단조퇴","0.5",G12="권장휴무","0",G12="권장조퇴","0.5",G12="예비군","1",G12="민방위","1",G12="지원","1",G12="파견","0")*$AZ12,0)} -> 0 | H70: {=IFERROR(_xlfn.IFS(H12="-","0",H12="근무","1",H12="휴무","1",H12="월차","1", H12="반차","1", H12="무단결근","0",H12="무단조퇴","0.5",H12="권장휴무","0",H12="권장조퇴","0.5",H12="예비군","1",H12="민방위","1",H12="지원","1",H12="파견","0")*$AZ12,0)} -> 0 | I70: {=IFERROR(_xlfn.IFS(I12="-","0",I12="근무","1",I12="휴무","1",I12="월차","1", I12="반차","1", I12="무단결근","0",I12="무단조퇴","0.5",I12="권장휴무","0",I12="권장조퇴","0.5",I12="예비군","1",I12="민방위","1",I12="지원","1",I12="파견","0")*$AZ12,0)} -> 0 | J70: {=IFERROR(_xlfn.IFS(J12="-","0",J12="근무","1",J12="휴무","1",J12="월차","1", J12="반차","1", J12="무단결근","0",J12="무단조퇴","0.5",J12="권장휴무","0",J12="권장조퇴","0.5",J12="예비군","1",J12="민방위","1",J12="지원","1",J12="파견","0")*$AZ12,0)} -> 0 | K70: {=IFERROR(_xlfn.IFS(K12="-","0",K12="근무","1",K12="휴무","1",K12="월차","1", K12="반차","1", K12="무단결근","0",K12="무단조퇴","0.5",K12="권장휴무","0",K12="권장조퇴","0.5",K12="예비군","1",K12="민방위","1",K12="지원","1",K12="파견","0")*$AZ12,0)} -> 0 | L70: {=IFERROR(_xlfn.IFS(L12="-","0",L12="근무","1",L12="휴무","1",L12="월차","1", L12="반차","1", L12="무단결근","0",L12="무단조퇴","0.5",L12="권장휴무","0",L12="권장조퇴","0.5",L12="예비군","1",L12="민방위","1",L12="지원","1",L12="파견","0")*$AZ12,0)} -> 0 | M70: {=IFERROR(_xlfn.IFS(M12="-","0",M12="근무","1",M12="휴무","1",M12="월차","1", M12="반차","1", M12="무단결근","0",M12="무단조퇴","0.5",M12="권장휴무","0",M12="권장조퇴","0.5",M12="예비군","1",M12="민방위","1",M12="지원","1",M12="파견","0")*$AZ12,0)} -> 0 | N70: {=IFERROR(_xlfn.IFS(N12="-","0",N12="근무","1",N12="휴무","1",N12="월차","1", N12="반차","1", N12="무단결근","0",N12="무단조퇴","0.5",N12="권장휴무","0",N12="권장조퇴","0.5",N12="예비군","1",N12="민방위","1",N12="지원","1",N12="파견","0")*$AZ12,0)} -> 0 | ... AK70: {=IFERROR(_xlfn.IFS(AK12="-","0",AK12="근무","1",AK12="휴무","1",AK12="월차","1", AK12="반차","1", AK12="무단결근","0",AK12="무단조퇴","0.5",AK12="권장휴무","0",AK12="권장조퇴","0.5",AK12="예비군","1",AK12="민방위","1",AK12="지원","1",AK12="파견","0")*$AZ12,0)} -> 0
B71: =B13 -> 0 | C71: =C13 -> 선택 | D71: =D13 -> 0 | E71: =E13 -> 0 | F71: =F13 -> 0 | G71: {=IFERROR(_xlfn.IFS(G13="-","0",G13="근무","1",G13="휴무","1",G13="월차","1", G13="반차","1", G13="무단결근","0",G13="무단조퇴","0.5",G13="권장휴무","0",G13="권장조퇴","0.5",G13="예비군","1",G13="민방위","1",G13="지원","1",G13="파견","0")*$AZ13,0)} -> 0 | H71: {=IFERROR(_xlfn.IFS(H13="-","0",H13="근무","1",H13="휴무","1",H13="월차","1", H13="반차","1", H13="무단결근","0",H13="무단조퇴","0.5",H13="권장휴무","0",H13="권장조퇴","0.5",H13="예비군","1",H13="민방위","1",H13="지원","1",H13="파견","0")*$AZ13,0)} -> 0 | I71: {=IFERROR(_xlfn.IFS(I13="-","0",I13="근무","1",I13="휴무","1",I13="월차","1", I13="반차","1", I13="무단결근","0",I13="무단조퇴","0.5",I13="권장휴무","0",I13="권장조퇴","0.5",I13="예비군","1",I13="민방위","1",I13="지원","1",I13="파견","0")*$AZ13,0)} -> 0 | J71: {=IFERROR(_xlfn.IFS(J13="-","0",J13="근무","1",J13="휴무","1",J13="월차","1", J13="반차","1", J13="무단결근","0",J13="무단조퇴","0.5",J13="권장휴무","0",J13="권장조퇴","0.5",J13="예비군","1",J13="민방위","1",J13="지원","1",J13="파견","0")*$AZ13,0)} -> 0 | K71: {=IFERROR(_xlfn.IFS(K13="-","0",K13="근무","1",K13="휴무","1",K13="월차","1", K13="반차","1", K13="무단결근","0",K13="무단조퇴","0.5",K13="권장휴무","0",K13="권장조퇴","0.5",K13="예비군","1",K13="민방위","1",K13="지원","1",K13="파견","0")*$AZ13,0)} -> 0 | L71: {=IFERROR(_xlfn.IFS(L13="-","0",L13="근무","1",L13="휴무","1",L13="월차","1", L13="반차","1", L13="무단결근","0",L13="무단조퇴","0.5",L13="권장휴무","0",L13="권장조퇴","0.5",L13="예비군","1",L13="민방위","1",L13="지원","1",L13="파견","0")*$AZ13,0)} -> 0 | M71: {=IFERROR(_xlfn.IFS(M13="-","0",M13="근무","1",M13="휴무","1",M13="월차","1", M13="반차","1", M13="무단결근","0",M13="무단조퇴","0.5",M13="권장휴무","0",M13="권장조퇴","0.5",M13="예비군","1",M13="민방위","1",M13="지원","1",M13="파견","0")*$AZ13,0)} -> 0 | N71: {=IFERROR(_xlfn.IFS(N13="-","0",N13="근무","1",N13="휴무","1",N13="월차","1", N13="반차","1", N13="무단결근","0",N13="무단조퇴","0.5",N13="권장휴무","0",N13="권장조퇴","0.5",N13="예비군","1",N13="민방위","1",N13="지원","1",N13="파견","0")*$AZ13,0)} -> 0 | ... AK71: {=IFERROR(_xlfn.IFS(AK13="-","0",AK13="근무","1",AK13="휴무","1",AK13="월차","1", AK13="반차","1", AK13="무단결근","0",AK13="무단조퇴","0.5",AK13="권장휴무","0",AK13="권장조퇴","0.5",AK13="예비군","1",AK13="민방위","1",AK13="지원","1",AK13="파견","0")*$AZ13,0)} -> 0
B72: =B14 -> 0 | C72: =C14 -> 선택 | D72: =D14 -> 0 | E72: =E14 -> 0 | F72: =F14 -> 0 | G72: {=IFERROR(_xlfn.IFS(G14="-","0",G14="근무","1",G14="휴무","1",G14="월차","1", G14="반차","1", G14="무단결근","0",G14="무단조퇴","0.5",G14="권장휴무","0",G14="권장조퇴","0.5",G14="예비군","1",G14="민방위","1",G14="지원","1",G14="파견","0")*$AZ14,0)} -> 0 | H72: {=IFERROR(_xlfn.IFS(H14="-","0",H14="근무","1",H14="휴무","1",H14="월차","1", H14="반차","1", H14="무단결근","0",H14="무단조퇴","0.5",H14="권장휴무","0",H14="권장조퇴","0.5",H14="예비군","1",H14="민방위","1",H14="지원","1",H14="파견","0")*$AZ14,0)} -> 0 | I72: {=IFERROR(_xlfn.IFS(I14="-","0",I14="근무","1",I14="휴무","1",I14="월차","1", I14="반차","1", I14="무단결근","0",I14="무단조퇴","0.5",I14="권장휴무","0",I14="권장조퇴","0.5",I14="예비군","1",I14="민방위","1",I14="지원","1",I14="파견","0")*$AZ14,0)} -> 0 | J72: {=IFERROR(_xlfn.IFS(J14="-","0",J14="근무","1",J14="휴무","1",J14="월차","1", J14="반차","1", J14="무단결근","0",J14="무단조퇴","0.5",J14="권장휴무","0",J14="권장조퇴","0.5",J14="예비군","1",J14="민방위","1",J14="지원","1",J14="파견","0")*$AZ14,0)} -> 0 | K72: {=IFERROR(_xlfn.IFS(K14="-","0",K14="근무","1",K14="휴무","1",K14="월차","1", K14="반차","1", K14="무단결근","0",K14="무단조퇴","0.5",K14="권장휴무","0",K14="권장조퇴","0.5",K14="예비군","1",K14="민방위","1",K14="지원","1",K14="파견","0")*$AZ14,0)} -> 0 | L72: {=IFERROR(_xlfn.IFS(L14="-","0",L14="근무","1",L14="휴무","1",L14="월차","1", L14="반차","1", L14="무단결근","0",L14="무단조퇴","0.5",L14="권장휴무","0",L14="권장조퇴","0.5",L14="예비군","1",L14="민방위","1",L14="지원","1",L14="파견","0")*$AZ14,0)} -> 0 | M72: {=IFERROR(_xlfn.IFS(M14="-","0",M14="근무","1",M14="휴무","1",M14="월차","1", M14="반차","1", M14="무단결근","0",M14="무단조퇴","0.5",M14="권장휴무","0",M14="권장조퇴","0.5",M14="예비군","1",M14="민방위","1",M14="지원","1",M14="파견","0")*$AZ14,0)} -> 0 | N72: {=IFERROR(_xlfn.IFS(N14="-","0",N14="근무","1",N14="휴무","1",N14="월차","1", N14="반차","1", N14="무단결근","0",N14="무단조퇴","0.5",N14="권장휴무","0",N14="권장조퇴","0.5",N14="예비군","1",N14="민방위","1",N14="지원","1",N14="파견","0")*$AZ14,0)} -> 0 | ... AK72: {=IFERROR(_xlfn.IFS(AK14="-","0",AK14="근무","1",AK14="휴무","1",AK14="월차","1", AK14="반차","1", AK14="무단결근","0",AK14="무단조퇴","0.5",AK14="권장휴무","0",AK14="권장조퇴","0.5",AK14="예비군","1",AK14="민방위","1",AK14="지원","1",AK14="파견","0")*$AZ14,0)} -> 0
B73: =B15 -> 0 | C73: =C15 -> 선택 | D73: =D15 -> 0 | E73: =E15 -> 0 | F73: =F15 -> 0 | G73: {=IFERROR(_xlfn.IFS(G15="-","0",G15="근무","1",G15="휴무","1",G15="월차","1", G15="반차","1", G15="무단결근","0",G15="무단조퇴","0.5",G15="권장휴무","0",G15="권장조퇴","0.5",G15="예비군","1",G15="민방위","1",G15="지원","1",G15="파견","0")*$AZ15,0)} -> 0 | H73: {=IFERROR(_xlfn.IFS(H15="-","0",H15="근무","1",H15="휴무","1",H15="월차","1", H15="반차","1", H15="무단결근","0",H15="무단조퇴","0.5",H15="권장휴무","0",H15="권장조퇴","0.5",H15="예비군","1",H15="민방위","1",H15="지원","1",H15="파견","0")*$AZ15,0)} -> 0 | I73: {=IFERROR(_xlfn.IFS(I15="-","0",I15="근무","1",I15="휴무","1",I15="월차","1", I15="반차","1", I15="무단결근","0",I15="무단조퇴","0.5",I15="권장휴무","0",I15="권장조퇴","0.5",I15="예비군","1",I15="민방위","1",I15="지원","1",I15="파견","0")*$AZ15,0)} -> 0 | J73: {=IFERROR(_xlfn.IFS(J15="-","0",J15="근무","1",J15="휴무","1",J15="월차","1", J15="반차","1", J15="무단결근","0",J15="무단조퇴","0.5",J15="권장휴무","0",J15="권장조퇴","0.5",J15="예비군","1",J15="민방위","1",J15="지원","1",J15="파견","0")*$AZ15,0)} -> 0 | K73: {=IFERROR(_xlfn.IFS(K15="-","0",K15="근무","1",K15="휴무","1",K15="월차","1", K15="반차","1", K15="무단결근","0",K15="무단조퇴","0.5",K15="권장휴무","0",K15="권장조퇴","0.5",K15="예비군","1",K15="민방위","1",K15="지원","1",K15="파견","0")*$AZ15,0)} -> 0 | L73: {=IFERROR(_xlfn.IFS(L15="-","0",L15="근무","1",L15="휴무","1",L15="월차","1", L15="반차","1", L15="무단결근","0",L15="무단조퇴","0.5",L15="권장휴무","0",L15="권장조퇴","0.5",L15="예비군","1",L15="민방위","1",L15="지원","1",L15="파견","0")*$AZ15,0)} -> 0 | M73: {=IFERROR(_xlfn.IFS(M15="-","0",M15="근무","1",M15="휴무","1",M15="월차","1", M15="반차","1", M15="무단결근","0",M15="무단조퇴","0.5",M15="권장휴무","0",M15="권장조퇴","0.5",M15="예비군","1",M15="민방위","1",M15="지원","1",M15="파견","0")*$AZ15,0)} -> 0 | N73: {=IFERROR(_xlfn.IFS(N15="-","0",N15="근무","1",N15="휴무","1",N15="월차","1", N15="반차","1", N15="무단결근","0",N15="무단조퇴","0.5",N15="권장휴무","0",N15="권장조퇴","0.5",N15="예비군","1",N15="민방위","1",N15="지원","1",N15="파견","0")*$AZ15,0)} -> 0 | ... AK73: {=IFERROR(_xlfn.IFS(AK15="-","0",AK15="근무","1",AK15="휴무","1",AK15="월차","1", AK15="반차","1", AK15="무단결근","0",AK15="무단조퇴","0.5",AK15="권장휴무","0",AK15="권장조퇴","0.5",AK15="예비군","1",AK15="민방위","1",AK15="지원","1",AK15="파견","0")*$AZ15,0)} -> 0
B74: =B16 -> 김지용 | C74: =C16 -> 선택 | D74: =D16 -> 0 | E74: =E16 -> 46113 | F74: =F16 -> 0 | G74: {=IFERROR(_xlfn.IFS(G16="-","0",G16="근무","1",G16="휴무","1",G16="월차","1", G16="반차","1", G16="무단결근","0",G16="무단조퇴","0.5",G16="권장휴무","0",G16="권장조퇴","0.5",G16="예비군","1",G16="민방위","1",G16="지원","1",G16="파견","0")*$AZ16,0)} -> 133333.33 | H74: {=IFERROR(_xlfn.IFS(H16="-","0",H16="근무","1",H16="휴무","1",H16="월차","1", H16="반차","1", H16="무단결근","0",H16="무단조퇴","0.5",H16="권장휴무","0",H16="권장조퇴","0.5",H16="예비군","1",H16="민방위","1",H16="지원","1",H16="파견","0")*$AZ16,0)} -> 133333.33 | I74: {=IFERROR(_xlfn.IFS(I16="-","0",I16="근무","1",I16="휴무","1",I16="월차","1", I16="반차","1", I16="무단결근","0",I16="무단조퇴","0.5",I16="권장휴무","0",I16="권장조퇴","0.5",I16="예비군","1",I16="민방위","1",I16="지원","1",I16="파견","0")*$AZ16,0)} -> 133333.33 | J74: {=IFERROR(_xlfn.IFS(J16="-","0",J16="근무","1",J16="휴무","1",J16="월차","1", J16="반차","1", J16="무단결근","0",J16="무단조퇴","0.5",J16="권장휴무","0",J16="권장조퇴","0.5",J16="예비군","1",J16="민방위","1",J16="지원","1",J16="파견","0")*$AZ16,0)} -> 133333.33 | K74: {=IFERROR(_xlfn.IFS(K16="-","0",K16="근무","1",K16="휴무","1",K16="월차","1", K16="반차","1", K16="무단결근","0",K16="무단조퇴","0.5",K16="권장휴무","0",K16="권장조퇴","0.5",K16="예비군","1",K16="민방위","1",K16="지원","1",K16="파견","0")*$AZ16,0)} -> 133333.33 | L74: {=IFERROR(_xlfn.IFS(L16="-","0",L16="근무","1",L16="휴무","1",L16="월차","1", L16="반차","1", L16="무단결근","0",L16="무단조퇴","0.5",L16="권장휴무","0",L16="권장조퇴","0.5",L16="예비군","1",L16="민방위","1",L16="지원","1",L16="파견","0")*$AZ16,0)} -> 133333.33 | M74: {=IFERROR(_xlfn.IFS(M16="-","0",M16="근무","1",M16="휴무","1",M16="월차","1", M16="반차","1", M16="무단결근","0",M16="무단조퇴","0.5",M16="권장휴무","0",M16="권장조퇴","0.5",M16="예비군","1",M16="민방위","1",M16="지원","1",M16="파견","0")*$AZ16,0)} -> 133333.33 | N74: {=IFERROR(_xlfn.IFS(N16="-","0",N16="근무","1",N16="휴무","1",N16="월차","1", N16="반차","1", N16="무단결근","0",N16="무단조퇴","0.5",N16="권장휴무","0",N16="권장조퇴","0.5",N16="예비군","1",N16="민방위","1",N16="지원","1",N16="파견","0")*$AZ16,0)} -> 133333.33 | ... AK74: {=IFERROR(_xlfn.IFS(AK16="-","0",AK16="근무","1",AK16="휴무","1",AK16="월차","1", AK16="반차","1", AK16="무단결근","0",AK16="무단조퇴","0.5",AK16="권장휴무","0",AK16="권장조퇴","0.5",AK16="예비군","1",AK16="민방위","1",AK16="지원","1",AK16="파견","0")*$AZ16,0)} -> 0
B75: =B17 -> 이도형 | C75: =C17 -> 선택 | D75: =D17 -> 0 | E75: =E17 -> 46125 | F75: =F17 -> 0 | G75: {=IFERROR(_xlfn.IFS(G17="-","0",G17="근무","1",G17="휴무","1",G17="월차","1", G17="반차","1", G17="무단결근","0",G17="무단조퇴","0.5",G17="권장휴무","0",G17="권장조퇴","0.5",G17="예비군","1",G17="민방위","1",G17="지원","1",G17="파견","0")*$AZ17,0)} -> 0 | H75: {=IFERROR(_xlfn.IFS(H17="-","0",H17="근무","1",H17="휴무","1",H17="월차","1", H17="반차","1", H17="무단결근","0",H17="무단조퇴","0.5",H17="권장휴무","0",H17="권장조퇴","0.5",H17="예비군","1",H17="민방위","1",H17="지원","1",H17="파견","0")*$AZ17,0)} -> 0 | I75: {=IFERROR(_xlfn.IFS(I17="-","0",I17="근무","1",I17="휴무","1",I17="월차","1", I17="반차","1", I17="무단결근","0",I17="무단조퇴","0.5",I17="권장휴무","0",I17="권장조퇴","0.5",I17="예비군","1",I17="민방위","1",I17="지원","1",I17="파견","0")*$AZ17,0)} -> 0 | J75: {=IFERROR(_xlfn.IFS(J17="-","0",J17="근무","1",J17="휴무","1",J17="월차","1", J17="반차","1", J17="무단결근","0",J17="무단조퇴","0.5",J17="권장휴무","0",J17="권장조퇴","0.5",J17="예비군","1",J17="민방위","1",J17="지원","1",J17="파견","0")*$AZ17,0)} -> 0 | K75: {=IFERROR(_xlfn.IFS(K17="-","0",K17="근무","1",K17="휴무","1",K17="월차","1", K17="반차","1", K17="무단결근","0",K17="무단조퇴","0.5",K17="권장휴무","0",K17="권장조퇴","0.5",K17="예비군","1",K17="민방위","1",K17="지원","1",K17="파견","0")*$AZ17,0)} -> 0 | L75: {=IFERROR(_xlfn.IFS(L17="-","0",L17="근무","1",L17="휴무","1",L17="월차","1", L17="반차","1", L17="무단결근","0",L17="무단조퇴","0.5",L17="권장휴무","0",L17="권장조퇴","0.5",L17="예비군","1",L17="민방위","1",L17="지원","1",L17="파견","0")*$AZ17,0)} -> 0 | M75: {=IFERROR(_xlfn.IFS(M17="-","0",M17="근무","1",M17="휴무","1",M17="월차","1", M17="반차","1", M17="무단결근","0",M17="무단조퇴","0.5",M17="권장휴무","0",M17="권장조퇴","0.5",M17="예비군","1",M17="민방위","1",M17="지원","1",M17="파견","0")*$AZ17,0)} -> 0 | N75: {=IFERROR(_xlfn.IFS(N17="-","0",N17="근무","1",N17="휴무","1",N17="월차","1", N17="반차","1", N17="무단결근","0",N17="무단조퇴","0.5",N17="권장휴무","0",N17="권장조퇴","0.5",N17="예비군","1",N17="민방위","1",N17="지원","1",N17="파견","0")*$AZ17,0)} -> 0 | ... AK75: {=IFERROR(_xlfn.IFS(AK17="-","0",AK17="근무","1",AK17="휴무","1",AK17="월차","1", AK17="반차","1", AK17="무단결근","0",AK17="무단조퇴","0.5",AK17="권장휴무","0",AK17="권장조퇴","0.5",AK17="예비군","1",AK17="민방위","1",AK17="지원","1",AK17="파견","0")*$AZ17,0)} -> 0
... B83: =B25 -> 0 | C83: =C25 -> 선택 | D83: =D25 -> 0 | E83: =E25 -> 0 | F83: =F25 -> 0 | G83: {=IFERROR(_xlfn.IFS(G25="-","0",G25="근무","1",G25="휴무","1",G25="월차","1", G25="반차","1", G25="무단결근","0",G25="무단조퇴","0.5",G25="권장휴무","0",G25="권장조퇴","0.5",G25="예비군","1",G25="민방위","1",G25="지원","1",G25="파견","0")*$AZ25,0)} -> 0 | H83: {=IFERROR(_xlfn.IFS(H25="-","0",H25="근무","1",H25="휴무","1",H25="월차","1", H25="반차","1", H25="무단결근","0",H25="무단조퇴","0.5",H25="권장휴무","0",H25="권장조퇴","0.5",H25="예비군","1",H25="민방위","1",H25="지원","1",H25="파견","0")*$AZ25,0)} -> 0 | I83: {=IFERROR(_xlfn.IFS(I25="-","0",I25="근무","1",I25="휴무","1",I25="월차","1", I25="반차","1", I25="무단결근","0",I25="무단조퇴","0.5",I25="권장휴무","0",I25="권장조퇴","0.5",I25="예비군","1",I25="민방위","1",I25="지원","1",I25="파견","0")*$AZ25,0)} -> 0 | J83: {=IFERROR(_xlfn.IFS(J25="-","0",J25="근무","1",J25="휴무","1",J25="월차","1", J25="반차","1", J25="무단결근","0",J25="무단조퇴","0.5",J25="권장휴무","0",J25="권장조퇴","0.5",J25="예비군","1",J25="민방위","1",J25="지원","1",J25="파견","0")*$AZ25,0)} -> 0 | K83: {=IFERROR(_xlfn.IFS(K25="-","0",K25="근무","1",K25="휴무","1",K25="월차","1", K25="반차","1", K25="무단결근","0",K25="무단조퇴","0.5",K25="권장휴무","0",K25="권장조퇴","0.5",K25="예비군","1",K25="민방위","1",K25="지원","1",K25="파견","0")*$AZ25,0)} -> 0 | L83: {=IFERROR(_xlfn.IFS(L25="-","0",L25="근무","1",L25="휴무","1",L25="월차","1", L25="반차","1", L25="무단결근","0",L25="무단조퇴","0.5",L25="권장휴무","0",L25="권장조퇴","0.5",L25="예비군","1",L25="민방위","1",L25="지원","1",L25="파견","0")*$AZ25,0)} -> 0 | M83: {=IFERROR(_xlfn.IFS(M25="-","0",M25="근무","1",M25="휴무","1",M25="월차","1", M25="반차","1", M25="무단결근","0",M25="무단조퇴","0.5",M25="권장휴무","0",M25="권장조퇴","0.5",M25="예비군","1",M25="민방위","1",M25="지원","1",M25="파견","0")*$AZ25,0)} -> 0 | N83: {=IFERROR(_xlfn.IFS(N25="-","0",N25="근무","1",N25="휴무","1",N25="월차","1", N25="반차","1", N25="무단결근","0",N25="무단조퇴","0.5",N25="권장휴무","0",N25="권장조퇴","0.5",N25="예비군","1",N25="민방위","1",N25="지원","1",N25="파견","0")*$AZ25,0)} -> 0 | ... AK83: {=IFERROR(_xlfn.IFS(AK25="-","0",AK25="근무","1",AK25="휴무","1",AK25="월차","1", AK25="반차","1", AK25="무단결근","0",AK25="무단조퇴","0.5",AK25="권장휴무","0",AK25="권장조퇴","0.5",AK25="예비군","1",AK25="민방위","1",AK25="지원","1",AK25="파견","0")*$AZ25,0)} -> 0
B84: 총 급여 | G84: =SUM(G64:G83) -> 511743 | H84: =SUM(H64:H83) -> 511743 | I84: =SUM(I64:I83) -> 511743 | J84: =SUM(J64:J83) -> 511743 | K84: =SUM(K64:K83) -> 511743 | L84: =SUM(L64:L83) -> 511743 | M84: =SUM(M64:M83) -> 511743 | N84: =SUM(N64:N83) -> 511743 | ... AK84: =SUM(AK64:AK83) -> 0 | AL84: =SUM(G84:AK84) -> 14891985
B86: ⑤ 알바 급여현황
B87: 이름 | C87: 파트 (홀/주방) | E87: 입사일 | F87: 퇴사일 (마지막근무일) | G87: 1 | H87: 2 | I87: 3 | J87: 4 | K87: 5 | L87: 6 | M87: 7 | N87: 8 | O87: 9 | P87: 10 | Q87: 11 | R87: 12 | S87: 13 | T87: 14 | U87: 15 | V87: 16 | W87: 17 | X87: 18 | Y87: 19 | Z87: 20 | AA87: 21 | AB87: 22 | AC87: 23 | AD87: 24 | AE87: 25 | AF87: 26 | AG87: 27 | AH87: 28 | AI87: 29 | AJ87: 30 | AK87: 31
B89: =B31 -> 최은태 | C89: =C31 -> 주방 | D89: =D31 -> 파트타임 | E89: =E31 -> 0 | F89: =F31 -> 0 | G89: =G31*$AM31 -> 200000 | H89: =H31*$AM31 -> 200000 | I89: =I31*$AM31 -> 200000 | J89: =J31*$AM31 -> 200000 | K89: =K31*$AM31 -> 200000 | L89: =L31*$AM31 -> 200000 | M89: =M31*$AM31 -> 0 | N89: =N31*$AM31 -> 200000 | ... AK89: =AK31*$AM31 -> 0
B90: =B32 -> 이서문 | C90: =C32 -> 선택 | D90: =D32 -> 파트타임 | E90: =E32 -> 0 | F90: =F32 -> 0 | G90: =G32*$AM32 -> 0 | H90: =H32*$AM32 -> 0 | I90: =I32*$AM32 -> 78000 | J90: =J32*$AM32 -> 104000 | K90: =K32*$AM32 -> 0 | L90: =L32*$AM32 -> 0 | M90: =M32*$AM32 -> 0 | N90: =N32*$AM32 -> 0 | ... AK90: =AK32*$AM32 -> 0
B91: =B33 -> 김복순 | C91: =C33 -> 선택 | D91: =D33 -> 파트타임 | E91: =E33 -> 0 | F91: =F33 -> 0 | G91: =G33*$AM33 -> 0 | H91: =H33*$AM33 -> 0 | I91: =I33*$AM33 -> 72000 | J91: =J33*$AM33 -> 78000 | K91: =K33*$AM33 -> 0 | L91: =L33*$AM33 -> 0 | M91: =M33*$AM33 -> 0 | N91: =N33*$AM33 -> 0 | ... AK91: =AK33*$AM33 -> 0
B92: =B34 -> 이도형 | C92: =C34 -> 선택 | D92: =D34 -> 파트타임 | E92: =E34 -> 0 | F92: =F34 -> 0 | G92: =G34*$AM34 -> 0 | H92: =H34*$AM34 -> 0 | I92: =I34*$AM34 -> 0 | J92: =J34*$AM34 -> 0 | K92: =K34*$AM34 -> 0 | L92: =L34*$AM34 -> 0 | M92: =M34*$AM34 -> 0 | N92: =N34*$AM34 -> 0 | ... AK92: =AK34*$AM34 -> 0
B93: =B35 -> 송은비 | C93: =C35 -> 선택 | D93: =D35 -> 파트타임 | E93: =E35 -> 0 | F93: =F35 -> 0 | G93: =G35*$AM35 -> 0 | H93: =H35*$AM35 -> 0 | I93: =I35*$AM35 -> 0 | J93: =J35*$AM35 -> 0 | K93: =K35*$AM35 -> 0 | L93: =L35*$AM35 -> 0 | M93: =M35*$AM35 -> 0 | N93: =N35*$AM35 -> 0 | ... AK93: =AK35*$AM35 -> 0
B94: =B36 -> 김범창 | C94: =C36 -> 선택 | D94: =D36 -> 파트타임 | E94: =E36 -> 0 | F94: =F36 -> 0 | G94: =G36*$AM36 -> 0 | H94: =H36*$AM36 -> 0 | I94: =I36*$AM36 -> 0 | J94: =J36*$AM36 -> 0 | K94: =K36*$AM36 -> 0 | L94: =L36*$AM36 -> 0 | M94: =M36*$AM36 -> 0 | N94: =N36*$AM36 -> 0 | ... AK94: =AK36*$AM36 -> 0
B95: =B37 -> 0 | C95: =C37 -> 선택 | D95: =D37 -> 파트타임 | E95: =E37 -> 0 | F95: =F37 -> 0 | G95: =G37*$AM37 -> 0 | H95: =H37*$AM37 -> 0 | I95: =I37*$AM37 -> 0 | J95: =J37*$AM37 -> 0 | K95: =K37*$AM37 -> 0 | L95: =L37*$AM37 -> 0 | M95: =M37*$AM37 -> 0 | N95: =N37*$AM37 -> 0 | ... AK95: =AK37*$AM37 -> 0
B96: =B38 -> 0 | C96: =C38 -> 선택 | D96: =D38 -> 파트타임 | E96: =E38 -> 0 | F96: =F38 -> 0 | G96: =G38*$AM38 -> 0 | H96: =H38*$AM38 -> 0 | I96: =I38*$AM38 -> 0 | J96: =J38*$AM38 -> 0 | K96: =K38*$AM38 -> 0 | L96: =L38*$AM38 -> 0 | M96: =M38*$AM38 -> 0 | N96: =N38*$AM38 -> 0 | ... AK96: =AK38*$AM38 -> 0
B97: =B39 -> 0 | C97: =C39 -> 선택 | D97: =D39 -> 파트타임 | E97: =E39 -> 0 | F97: =F39 -> 0 | G97: =G39*$AM39 -> 0 | H97: =H39*$AM39 -> 0 | I97: =I39*$AM39 -> 0 | J97: =J39*$AM39 -> 0 | K97: =K39*$AM39 -> 0 | L97: =L39*$AM39 -> 0 | M97: =M39*$AM39 -> 0 | N97: =N39*$AM39 -> 0 | ... AK97: =AK39*$AM39 -> 0
B98: =B40 -> 0 | C98: =C40 -> 선택 | D98: =D40 -> 파트타임 | E98: =E40 -> 0 | F98: =F40 -> 0 | G98: =G40*$AM40 -> 0 | H98: =H40*$AM40 -> 0 | I98: =I40*$AM40 -> 0 | J98: =J40*$AM40 -> 0 | K98: =K40*$AM40 -> 0 | L98: =L40*$AM40 -> 0 | M98: =M40*$AM40 -> 0 | N98: =N40*$AM40 -> 0 | ... AK98: =AK40*$AM40 -> 0
B99: =B41 -> 0 | C99: =C41 -> 선택 | D99: =D41 -> 파트타임 | E99: =E41 -> 0 | F99: =F41 -> 0 | G99: =G41*$AM41 -> 0 | H99: =H41*$AM41 -> 0 | I99: =I41*$AM41 -> 0 | J99: =J41*$AM41 -> 0 | K99: =K41*$AM41 -> 0 | L99: =L41*$AM41 -> 0 | M99: =M41*$AM41 -> 0 | N99: =N41*$AM41 -> 0 | ... AK99: =AK41*$AM41 -> 0
B100: =B42 -> 0 | C100: =C42 -> 선택 | D100: =D42 -> 파트타임 | E100: =E42 -> 0 | F100: =F42 -> 0 | G100: =G42*$AM42 -> 0 | H100: =H42*$AM42 -> 0 | I100: =I42*$AM42 -> 0 | J100: =J42*$AM42 -> 0 | K100: =K42*$AM42 -> 0 | L100: =L42*$AM42 -> 0 | M100: =M42*$AM42 -> 0 | N100: =N42*$AM42 -> 0 | ... AK100: =AK42*$AM42 -> 0
... B103: =B45 -> 0 | C103: =C45 -> 선택 | D103: =D45 -> 파트타임 | E103: =E45 -> 0 | F103: =F45 -> 0 | G103: =G45*$AM45 -> 0 | H103: =H45*$AM45 -> 0 | I103: =I45*$AM45 -> 0 | J103: =J45*$AM45 -> 0 | K103: =K45*$AM45 -> 0 | L103: =L45*$AM45 -> 0 | M103: =M45*$AM45 -> 0 | N103: =N45*$AM45 -> 0 | ... AK103: =AK45*$AM45 -> 0
B104: 총 급여 | G104: =SUM(G89:G103) -> 200000 | H104: =SUM(H89:H103) -> 200000 | I104: =SUM(I89:I103) -> 350000 | J104: =SUM(J89:J103) -> 382000 | K104: =SUM(K89:K103) -> 200000 | L104: =SUM(L89:L103) -> 200000 | M104: =SUM(M89:M103) -> 0 | N104: =SUM(N89:N103) -> 200000 | ... AK104: =SUM(AK89:AK103) -> 0 | AL104: =SUM(G104:AK104) -> 6296500

Sheet 2-3.근무시간
A1: ■ 근무스케쥴표 | E1: ='0.기초및고정비'!C4&'0.기초및고정비'!D4 -> 2026년4월
A3: <작성방법>
B4: ←표시된 부분만 작성!! | E4: ① 정직원 스케쥴현황
A5: · 기록방법 (중요!!) | E5: 이름 | F5: 파트 (홀/주방) | G5: 직급 | H5: 1 | K5: 2 | N5: 3 | Q5: 4 | T5: 5 | W5: 6 | Z5: 7 | AC5: 8 | AF5: 9 | AI5: 10 | AL5: 11 | AO5: 12 | AR5: 13 | AU5: 14 | AX5: 15 | BA5: 16 | BD5: 17 | BG5: 18 | BJ5: 19 | BM5: 20 | BP5: 21 | BS5: 22 | BV5: 23 | BY5: 24 | CB5: 25 | CE5: 26 | CH5: 27 | CK5: 28 | CN5: 29 | CQ5: 30 | CT5: 31
H6: 출근 | I6: 퇴근 | J6: 근무시간 | K6: 출근 | L6: 퇴근 | M6: 근무시간 | N6: 출근 | O6: 퇴근 | P6: 근무시간 | Q6: 출근 | R6: 퇴근 | S6: 근무시간 | T6: 출근 | U6: 퇴근 | V6: 근무시간 | W6: 출근 | X6: 퇴근 | Y6: 근무시간 | Z6: 출근 | AA6: 퇴근 | AB6: 근무시간 | AC6: 출근 | AD6: 퇴근 | AE6: 근무시간 | AF6: 출근 | AG6: 퇴근 | AH6: 근무시간 | AI6: 출근 | AJ6: 퇴근 | AK6: 근무시간 | AL6: 출근 | AM6: 퇴근 | AN6: 근무시간 | AO6: 출근 | AP6: 퇴근 | AQ6: 근무시간 | AR6: 출근 | AS6: 퇴근 | AT6: 근무시간 | AU6: 출근 | AV6: 퇴근 | AW6: 근무시간 | AX6: 출근 | AY6: 퇴근 | AZ6: 근무시간 | BA6: 출근 | BB6: 퇴근 | BC6: 근무시간 | BD6: 출근 | BE6: 퇴근 | BF6: 근무시간 | BG6: 출근 | BH6: 퇴근 | BI6: 근무시간 | BJ6: 출근 | BK6: 퇴근 | BL6: 근무시간 | BM6: 출근 | BN6: 퇴근 | BO6: 근무시간 | BP6: 출근 | BQ6: 퇴근 | BR6: 근무시간 | BS6: 출근 | BT6: 퇴근 | BU6: 근무시간 | BV6: 출근 | BW6: 퇴근 | BX6: 근무시간 | BY6: 출근 | BZ6: 퇴근 | CA6: 근무시간 | CB6: 출근 | CC6: 퇴근 | CD6: 근무시간 | CE6: 출근 | CF6: 퇴근 | CG6: 근무시간 | CH6: 출근 | CI6: 퇴근 | CJ6: 근무시간 | CK6: 출근 | CL6: 퇴근 | CM6: 근무시간 | CN6: 출근 | CO6: 퇴근 | CP6: 근무시간 | CQ6: 출근 | CR6: 퇴근 | CS6: 근무시간 | CT6: 출근 | CU6: 퇴근 | CV6: 근무시간
A7: 구분 | C7: 기록방법 | E7: ='2-2.근무표'!B6 -> 박성배 | F7: ='2-2.근무표'!C6 -> 선택 | G7: ='2-2.근무표'!D6 -> 주방 | J7: =IFERROR(IF(((I7-H7+(I7<H7))*24)=0,"0",(I7-H7+(I7<H7))*24),"") -> 0 | M7: =IFERROR(IF(((L7-K7+(L7<K7))*24)=0,"0",(L7-K7+(L7<K7))*24),"") -> 0 | P7: =IFERROR(IF(((O7-N7+(O7<N7))*24)=0,"0",(O7-N7+(O7<N7))*24),"") -> 0 | S7: =IFERROR(IF(((R7-Q7+(R7<Q7))*24)=0,"0",(R7-Q7+(R7<Q7))*24),"") -> 0 | V7: =IFERROR(IF(((U7-T7+(U7<T7))*24)=0,"0",(U7-T7+(U7<T7))*24),"") -> 0 | Y7: =IFERROR(IF(((X7-W7+(X7<W7))*24)=0,"0",(X7-W7+(X7<W7))*24),"") -> 0 | AB7: =IFERROR(IF(((AA7-Z7+(AA7<Z7))*24)=0,"0",(AA7-Z7+(AA7<Z7))*24),"") -> 0 | AE7: =IFERROR(IF(((AD7-AC7+(AD7<AC7))*24)=0,"0",(AD7-AC7+(AD7<AC7))*24),"") -> 0 | AH7: =IFERROR(IF(((AG7-AF7+(AG7<AF7))*24)=0,"0",(AG7-AF7+(AG7<AF7))*24),"") -> 0 | AK7: =IFERROR(IF(((AJ7-AI7+(AJ7<AI7))*24)=0,"0",(AJ7-AI7+(AJ7<AI7))*24),"") -> 0 | AN7: =IFERROR(IF(((AM7-AL7+(AM7<AL7))*24)=0,"0",(AM7-AL7+(AM7<AL7))*24),"") -> 0 | AQ7: =IFERROR(IF(((AP7-AO7+(AP7<AO7))*24)=0,"0",(AP7-AO7+(AP7<AO7))*24),"") -> 0 | AT7: =IFERROR(IF(((AS7-AR7+(AS7<AR7))*24)=0,"0",(AS7-AR7+(AS7<AR7))*24),"") -> 0 | AW7: =IFERROR(IF(((AV7-AU7+(AV7<AU7))*24)=0,"0",(AV7-AU7+(AV7<AU7))*24),"") -> 0 | AZ7: =IFERROR(IF(((AY7-AX7+(AY7<AX7))*24)=0,"0",(AY7-AX7+(AY7<AX7))*24),"") -> 0 | BC7: =IFERROR(IF(((BB7-BA7+(BB7<BA7))*24)=0,"0",(BB7-BA7+(BB7<BA7))*24),"") -> 0 | BF7: =IFERROR(IF(((BE7-BD7+(BE7<BD7))*24)=0,"0",(BE7-BD7+(BE7<BD7))*24),"") -> 0 | BI7: =IFERROR(IF(((BH7-BG7+(BH7<BG7))*24)=0,"0",(BH7-BG7+(BH7<BG7))*24),"") -> 0 | BL7: =IFERROR(IF(((BK7-BJ7+(BK7<BJ7))*24)=0,"0",(BK7-BJ7+(BK7<BJ7))*24),"") -> 0 | BO7: =IFERROR(IF(((BN7-BM7+(BN7<BM7))*24)=0,"0",(BN7-BM7+(BN7<BM7))*24),"") -> 0 | BR7: =IFERROR(IF(((BQ7-BP7+(BQ7<BP7))*24)=0,"0",(BQ7-BP7+(BQ7<BP7))*24),"") -> 0 | BU7: =IFERROR(IF(((BT7-BS7+(BT7<BS7))*24)=0,"0",(BT7-BS7+(BT7<BS7))*24),"") -> 0 | BX7: =IFERROR(IF(((BW7-BV7+(BW7<BV7))*24)=0,"0",(BW7-BV7+(BW7<BV7))*24),"") -> 0 | CA7: =IFERROR(IF(((BZ7-BY7+(BZ7<BY7))*24)=0,"0",(BZ7-BY7+(BZ7<BY7))*24),"") -> 0 | CD7: =IFERROR(IF(((CC7-CB7+(CC7<CB7))*24)=0,"0",(CC7-CB7+(CC7<CB7))*24),"") -> 0 | CG7: =IFERROR(IF(((CF7-CE7+(CF7<CE7))*24)=0,"0",(CF7-CE7+(CF7<CE7))*24),"") -> 0 | CJ7: =IFERROR(IF(((CI7-CH7+(CI7<CH7))*24)=0,"0",(CI7-CH7+(CI7<CH7))*24),"") -> 0 | CM7: =IFERROR(IF(((CL7-CK7+(CL7<CK7))*24)=0,"0",(CL7-CK7+(CL7<CK7))*24),"") -> 0 | CP7: =IFERROR(IF(((CO7-CN7+(CO7<CN7))*24)=0,"0",(CO7-CN7+(CO7<CN7))*24),"") -> 0 | CS7: =IFERROR(IF(((CR7-CQ7+(CR7<CQ7))*24)=0,"0",(CR7-CQ7+(CR7<CQ7))*24),"") -> 0 | CV7: =IFERROR(IF(((CU7-CT7+(CU7<CT7))*24)=0,"0",(CU7-CT7+(CU7<CT7))*24),"") -> 0
A8: 출근시간 | C8: TT:MM | E8: ='2-2.근무표'!B7 -> 박참이 | F8: ='2-2.근무표'!C7 -> 선택 | G8: ='2-2.근무표'!D7 -> 주방 | J8: =IFERROR(IF(((I8-H8+(I8<H8))*24)=0,"0",(I8-H8+(I8<H8))*24),"") -> 0 | M8: =IFERROR(IF(((L8-K8+(L8<K8))*24)=0,"0",(L8-K8+(L8<K8))*24),"") -> 0 | P8: =IFERROR(IF(((O8-N8+(O8<N8))*24)=0,"0",(O8-N8+(O8<N8))*24),"") -> 0 | S8: =IFERROR(IF(((R8-Q8+(R8<Q8))*24)=0,"0",(R8-Q8+(R8<Q8))*24),"") -> 0 | V8: =IFERROR(IF(((U8-T8+(U8<T8))*24)=0,"0",(U8-T8+(U8<T8))*24),"") -> 0 | Y8: =IFERROR(IF(((X8-W8+(X8<W8))*24)=0,"0",(X8-W8+(X8<W8))*24),"") -> 0 | AB8: =IFERROR(IF(((AA8-Z8+(AA8<Z8))*24)=0,"0",(AA8-Z8+(AA8<Z8))*24),"") -> 0 | AE8: =IFERROR(IF(((AD8-AC8+(AD8<AC8))*24)=0,"0",(AD8-AC8+(AD8<AC8))*24),"") -> 0 | AH8: =IFERROR(IF(((AG8-AF8+(AG8<AF8))*24)=0,"0",(AG8-AF8+(AG8<AF8))*24),"") -> 0 | AK8: =IFERROR(IF(((AJ8-AI8+(AJ8<AI8))*24)=0,"0",(AJ8-AI8+(AJ8<AI8))*24),"") -> 0 | AN8: =IFERROR(IF(((AM8-AL8+(AM8<AL8))*24)=0,"0",(AM8-AL8+(AM8<AL8))*24),"") -> 0 | AQ8: =IFERROR(IF(((AP8-AO8+(AP8<AO8))*24)=0,"0",(AP8-AO8+(AP8<AO8))*24),"") -> 0 | AT8: =IFERROR(IF(((AS8-AR8+(AS8<AR8))*24)=0,"0",(AS8-AR8+(AS8<AR8))*24),"") -> 0 | AW8: =IFERROR(IF(((AV8-AU8+(AV8<AU8))*24)=0,"0",(AV8-AU8+(AV8<AU8))*24),"") -> 0 | AZ8: =IFERROR(IF(((AY8-AX8+(AY8<AX8))*24)=0,"0",(AY8-AX8+(AY8<AX8))*24),"") -> 0 | BC8: =IFERROR(IF(((BB8-BA8+(BB8<BA8))*24)=0,"0",(BB8-BA8+(BB8<BA8))*24),"") -> 0 | BF8: =IFERROR(IF(((BE8-BD8+(BE8<BD8))*24)=0,"0",(BE8-BD8+(BE8<BD8))*24),"") -> 0 | BI8: =IFERROR(IF(((BH8-BG8+(BH8<BG8))*24)=0,"0",(BH8-BG8+(BH8<BG8))*24),"") -> 0 | BL8: =IFERROR(IF(((BK8-BJ8+(BK8<BJ8))*24)=0,"0",(BK8-BJ8+(BK8<BJ8))*24),"") -> 0 | BO8: =IFERROR(IF(((BN8-BM8+(BN8<BM8))*24)=0,"0",(BN8-BM8+(BN8<BM8))*24),"") -> 0 | BR8: =IFERROR(IF(((BQ8-BP8+(BQ8<BP8))*24)=0,"0",(BQ8-BP8+(BQ8<BP8))*24),"") -> 0 | BU8: =IFERROR(IF(((BT8-BS8+(BT8<BS8))*24)=0,"0",(BT8-BS8+(BT8<BS8))*24),"") -> 0 | BX8: =IFERROR(IF(((BW8-BV8+(BW8<BV8))*24)=0,"0",(BW8-BV8+(BW8<BV8))*24),"") -> 0 | CA8: =IFERROR(IF(((BZ8-BY8+(BZ8<BY8))*24)=0,"0",(BZ8-BY8+(BZ8<BY8))*24),"") -> 0 | CD8: =IFERROR(IF(((CC8-CB8+(CC8<CB8))*24)=0,"0",(CC8-CB8+(CC8<CB8))*24),"") -> 0 | CG8: =IFERROR(IF(((CF8-CE8+(CF8<CE8))*24)=0,"0",(CF8-CE8+(CF8<CE8))*24),"") -> 0 | CJ8: =IFERROR(IF(((CI8-CH8+(CI8<CH8))*24)=0,"0",(CI8-CH8+(CI8<CH8))*24),"") -> 0 | CM8: =IFERROR(IF(((CL8-CK8+(CL8<CK8))*24)=0,"0",(CL8-CK8+(CL8<CK8))*24),"") -> 0 | CP8: =IFERROR(IF(((CO8-CN8+(CO8<CN8))*24)=0,"0",(CO8-CN8+(CO8<CN8))*24),"") -> 0 | CS8: =IFERROR(IF(((CR8-CQ8+(CR8<CQ8))*24)=0,"0",(CR8-CQ8+(CR8<CQ8))*24),"") -> 0 | CV8: =IFERROR(IF(((CU8-CT8+(CU8<CT8))*24)=0,"0",(CU8-CT8+(CU8<CT8))*24),"") -> 0
A9: 퇴근시간 | C9: TT:MM | E9: ='2-2.근무표'!B8 -> 이건호 | F9: ='2-2.근무표'!C8 -> 선택 | G9: ='2-2.근무표'!D8 -> 홀 | J9: =IFERROR(IF(((I9-H9+(I9<H9))*24)=0,"0",(I9-H9+(I9<H9))*24),"") -> 0 | M9: =IFERROR(IF(((L9-K9+(L9<K9))*24)=0,"0",(L9-K9+(L9<K9))*24),"") -> 0 | P9: =IFERROR(IF(((O9-N9+(O9<N9))*24)=0,"0",(O9-N9+(O9<N9))*24),"") -> 0 | S9: =IFERROR(IF(((R9-Q9+(R9<Q9))*24)=0,"0",(R9-Q9+(R9<Q9))*24),"") -> 0 | V9: =IFERROR(IF(((U9-T9+(U9<T9))*24)=0,"0",(U9-T9+(U9<T9))*24),"") -> 0 | Y9: =IFERROR(IF(((X9-W9+(X9<W9))*24)=0,"0",(X9-W9+(X9<W9))*24),"") -> 0 | AB9: =IFERROR(IF(((AA9-Z9+(AA9<Z9))*24)=0,"0",(AA9-Z9+(AA9<Z9))*24),"") -> 0 | AE9: =IFERROR(IF(((AD9-AC9+(AD9<AC9))*24)=0,"0",(AD9-AC9+(AD9<AC9))*24),"") -> 0 | AH9: =IFERROR(IF(((AG9-AF9+(AG9<AF9))*24)=0,"0",(AG9-AF9+(AG9<AF9))*24),"") -> 0 | AK9: =IFERROR(IF(((AJ9-AI9+(AJ9<AI9))*24)=0,"0",(AJ9-AI9+(AJ9<AI9))*24),"") -> 0 | AN9: =IFERROR(IF(((AM9-AL9+(AM9<AL9))*24)=0,"0",(AM9-AL9+(AM9<AL9))*24),"") -> 0 | AQ9: =IFERROR(IF(((AP9-AO9+(AP9<AO9))*24)=0,"0",(AP9-AO9+(AP9<AO9))*24),"") -> 0 | AT9: =IFERROR(IF(((AS9-AR9+(AS9<AR9))*24)=0,"0",(AS9-AR9+(AS9<AR9))*24),"") -> 0 | AW9: =IFERROR(IF(((AV9-AU9+(AV9<AU9))*24)=0,"0",(AV9-AU9+(AV9<AU9))*24),"") -> 0 | AZ9: =IFERROR(IF(((AY9-AX9+(AY9<AX9))*24)=0,"0",(AY9-AX9+(AY9<AX9))*24),"") -> 0 | BC9: =IFERROR(IF(((BB9-BA9+(BB9<BA9))*24)=0,"0",(BB9-BA9+(BB9<BA9))*24),"") -> 0 | BF9: =IFERROR(IF(((BE9-BD9+(BE9<BD9))*24)=0,"0",(BE9-BD9+(BE9<BD9))*24),"") -> 0 | BI9: =IFERROR(IF(((BH9-BG9+(BH9<BG9))*24)=0,"0",(BH9-BG9+(BH9<BG9))*24),"") -> 0 | BL9: =IFERROR(IF(((BK9-BJ9+(BK9<BJ9))*24)=0,"0",(BK9-BJ9+(BK9<BJ9))*24),"") -> 0 | BO9: =IFERROR(IF(((BN9-BM9+(BN9<BM9))*24)=0,"0",(BN9-BM9+(BN9<BM9))*24),"") -> 0 | BR9: =IFERROR(IF(((BQ9-BP9+(BQ9<BP9))*24)=0,"0",(BQ9-BP9+(BQ9<BP9))*24),"") -> 0 | BU9: =IFERROR(IF(((BT9-BS9+(BT9<BS9))*24)=0,"0",(BT9-BS9+(BT9<BS9))*24),"") -> 0 | BX9: =IFERROR(IF(((BW9-BV9+(BW9<BV9))*24)=0,"0",(BW9-BV9+(BW9<BV9))*24),"") -> 0 | CA9: =IFERROR(IF(((BZ9-BY9+(BZ9<BY9))*24)=0,"0",(BZ9-BY9+(BZ9<BY9))*24),"") -> 0 | CD9: =IFERROR(IF(((CC9-CB9+(CC9<CB9))*24)=0,"0",(CC9-CB9+(CC9<CB9))*24),"") -> 0 | CG9: =IFERROR(IF(((CF9-CE9+(CF9<CE9))*24)=0,"0",(CF9-CE9+(CF9<CE9))*24),"") -> 0 | CJ9: =IFERROR(IF(((CI9-CH9+(CI9<CH9))*24)=0,"0",(CI9-CH9+(CI9<CH9))*24),"") -> 0 | CM9: =IFERROR(IF(((CL9-CK9+(CL9<CK9))*24)=0,"0",(CL9-CK9+(CL9<CK9))*24),"") -> 0 | CP9: =IFERROR(IF(((CO9-CN9+(CO9<CN9))*24)=0,"0",(CO9-CN9+(CO9<CN9))*24),"") -> 0 | CS9: =IFERROR(IF(((CR9-CQ9+(CR9<CQ9))*24)=0,"0",(CR9-CQ9+(CR9<CQ9))*24),"") -> 0 | CV9: =IFERROR(IF(((CU9-CT9+(CU9<CT9))*24)=0,"0",(CU9-CT9+(CU9<CT9))*24),"") -> 0
A10: 주간정기휴무 | E10: ='2-2.근무표'!B9 -> 0 | F10: ='2-2.근무표'!C9 -> 선택 | G10: ='2-2.근무표'!D9 -> 0 | J10: =IFERROR(IF(((I10-H10+(I10<H10))*24)=0,"0",(I10-H10+(I10<H10))*24),"") -> 0 | M10: =IFERROR(IF(((L10-K10+(L10<K10))*24)=0,"0",(L10-K10+(L10<K10))*24),"") -> 0 | P10: =IFERROR(IF(((O10-N10+(O10<N10))*24)=0,"0",(O10-N10+(O10<N10))*24),"") -> 0 | S10: =IFERROR(IF(((R10-Q10+(R10<Q10))*24)=0,"0",(R10-Q10+(R10<Q10))*24),"") -> 0 | V10: =IFERROR(IF(((U10-T10+(U10<T10))*24)=0,"0",(U10-T10+(U10<T10))*24),"") -> 0 | Y10: =IFERROR(IF(((X10-W10+(X10<W10))*24)=0,"0",(X10-W10+(X10<W10))*24),"") -> 0 | AB10: =IFERROR(IF(((AA10-Z10+(AA10<Z10))*24)=0,"0",(AA10-Z10+(AA10<Z10))*24),"") -> 0 | AE10: =IFERROR(IF(((AD10-AC10+(AD10<AC10))*24)=0,"0",(AD10-AC10+(AD10<AC10))*24),"") -> 0 | AH10: =IFERROR(IF(((AG10-AF10+(AG10<AF10))*24)=0,"0",(AG10-AF10+(AG10<AF10))*24),"") -> 0 | AK10: =IFERROR(IF(((AJ10-AI10+(AJ10<AI10))*24)=0,"0",(AJ10-AI10+(AJ10<AI10))*24),"") -> 0 | AN10: =IFERROR(IF(((AM10-AL10+(AM10<AL10))*24)=0,"0",(AM10-AL10+(AM10<AL10))*24),"") -> 0 | AQ10: =IFERROR(IF(((AP10-AO10+(AP10<AO10))*24)=0,"0",(AP10-AO10+(AP10<AO10))*24),"") -> 0 | AT10: =IFERROR(IF(((AS10-AR10+(AS10<AR10))*24)=0,"0",(AS10-AR10+(AS10<AR10))*24),"") -> 0 | AW10: =IFERROR(IF(((AV10-AU10+(AV10<AU10))*24)=0,"0",(AV10-AU10+(AV10<AU10))*24),"") -> 0 | AZ10: =IFERROR(IF(((AY10-AX10+(AY10<AX10))*24)=0,"0",(AY10-AX10+(AY10<AX10))*24),"") -> 0 | BC10: =IFERROR(IF(((BB10-BA10+(BB10<BA10))*24)=0,"0",(BB10-BA10+(BB10<BA10))*24),"") -> 0 | BF10: =IFERROR(IF(((BE10-BD10+(BE10<BD10))*24)=0,"0",(BE10-BD10+(BE10<BD10))*24),"") -> 0 | BI10: =IFERROR(IF(((BH10-BG10+(BH10<BG10))*24)=0,"0",(BH10-BG10+(BH10<BG10))*24),"") -> 0 | BL10: =IFERROR(IF(((BK10-BJ10+(BK10<BJ10))*24)=0,"0",(BK10-BJ10+(BK10<BJ10))*24),"") -> 0 | BO10: =IFERROR(IF(((BN10-BM10+(BN10<BM10))*24)=0,"0",(BN10-BM10+(BN10<BM10))*24),"") -> 0 | BR10: =IFERROR(IF(((BQ10-BP10+(BQ10<BP10))*24)=0,"0",(BQ10-BP10+(BQ10<BP10))*24),"") -> 0 | BU10: =IFERROR(IF(((BT10-BS10+(BT10<BS10))*24)=0,"0",(BT10-BS10+(BT10<BS10))*24),"") -> 0 | BX10: =IFERROR(IF(((BW10-BV10+(BW10<BV10))*24)=0,"0",(BW10-BV10+(BW10<BV10))*24),"") -> 0 | CA10: =IFERROR(IF(((BZ10-BY10+(BZ10<BY10))*24)=0,"0",(BZ10-BY10+(BZ10<BY10))*24),"") -> 0 | CD10: =IFERROR(IF(((CC10-CB10+(CC10<CB10))*24)=0,"0",(CC10-CB10+(CC10<CB10))*24),"") -> 0 | CG10: =IFERROR(IF(((CF10-CE10+(CF10<CE10))*24)=0,"0",(CF10-CE10+(CF10<CE10))*24),"") -> 0 | CJ10: =IFERROR(IF(((CI10-CH10+(CI10<CH10))*24)=0,"0",(CI10-CH10+(CI10<CH10))*24),"") -> 0 | CM10: =IFERROR(IF(((CL10-CK10+(CL10<CK10))*24)=0,"0",(CL10-CK10+(CL10<CK10))*24),"") -> 0 | CP10: =IFERROR(IF(((CO10-CN10+(CO10<CN10))*24)=0,"0",(CO10-CN10+(CO10<CN10))*24),"") -> 0 | CS10: =IFERROR(IF(((CR10-CQ10+(CR10<CQ10))*24)=0,"0",(CR10-CQ10+(CR10<CQ10))*24),"") -> 0 | CV10: =IFERROR(IF(((CU10-CT10+(CU10<CT10))*24)=0,"0",(CU10-CT10+(CU10<CT10))*24),"") -> 0
A11: 월차시 | E11: ='2-2.근무표'!B10 -> 0 | F11: ='2-2.근무표'!C10 -> 선택 | G11: ='2-2.근무표'!D10 -> 0 | J11: =IFERROR(IF(((I11-H11+(I11<H11))*24)=0,"0",(I11-H11+(I11<H11))*24),"") -> 0 | M11: =IFERROR(IF(((L11-K11+(L11<K11))*24)=0,"0",(L11-K11+(L11<K11))*24),"") -> 0 | P11: =IFERROR(IF(((O11-N11+(O11<N11))*24)=0,"0",(O11-N11+(O11<N11))*24),"") -> 0 | S11: =IFERROR(IF(((R11-Q11+(R11<Q11))*24)=0,"0",(R11-Q11+(R11<Q11))*24),"") -> 0 | V11: =IFERROR(IF(((U11-T11+(U11<T11))*24)=0,"0",(U11-T11+(U11<T11))*24),"") -> 0 | Y11: =IFERROR(IF(((X11-W11+(X11<W11))*24)=0,"0",(X11-W11+(X11<W11))*24),"") -> 0 | AB11: =IFERROR(IF(((AA11-Z11+(AA11<Z11))*24)=0,"0",(AA11-Z11+(AA11<Z11))*24),"") -> 0 | AE11: =IFERROR(IF(((AD11-AC11+(AD11<AC11))*24)=0,"0",(AD11-AC11+(AD11<AC11))*24),"") -> 0 | AH11: =IFERROR(IF(((AG11-AF11+(AG11<AF11))*24)=0,"0",(AG11-AF11+(AG11<AF11))*24),"") -> 0 | AK11: =IFERROR(IF(((AJ11-AI11+(AJ11<AI11))*24)=0,"0",(AJ11-AI11+(AJ11<AI11))*24),"") -> 0 | AN11: =IFERROR(IF(((AM11-AL11+(AM11<AL11))*24)=0,"0",(AM11-AL11+(AM11<AL11))*24),"") -> 0 | AQ11: =IFERROR(IF(((AP11-AO11+(AP11<AO11))*24)=0,"0",(AP11-AO11+(AP11<AO11))*24),"") -> 0 | AT11: =IFERROR(IF(((AS11-AR11+(AS11<AR11))*24)=0,"0",(AS11-AR11+(AS11<AR11))*24),"") -> 0 | AW11: =IFERROR(IF(((AV11-AU11+(AV11<AU11))*24)=0,"0",(AV11-AU11+(AV11<AU11))*24),"") -> 0 | AZ11: =IFERROR(IF(((AY11-AX11+(AY11<AX11))*24)=0,"0",(AY11-AX11+(AY11<AX11))*24),"") -> 0 | BC11: =IFERROR(IF(((BB11-BA11+(BB11<BA11))*24)=0,"0",(BB11-BA11+(BB11<BA11))*24),"") -> 0 | BF11: =IFERROR(IF(((BE11-BD11+(BE11<BD11))*24)=0,"0",(BE11-BD11+(BE11<BD11))*24),"") -> 0 | BI11: =IFERROR(IF(((BH11-BG11+(BH11<BG11))*24)=0,"0",(BH11-BG11+(BH11<BG11))*24),"") -> 0 | BL11: =IFERROR(IF(((BK11-BJ11+(BK11<BJ11))*24)=0,"0",(BK11-BJ11+(BK11<BJ11))*24),"") -> 0 | BO11: =IFERROR(IF(((BN11-BM11+(BN11<BM11))*24)=0,"0",(BN11-BM11+(BN11<BM11))*24),"") -> 0 | BR11: =IFERROR(IF(((BQ11-BP11+(BQ11<BP11))*24)=0,"0",(BQ11-BP11+(BQ11<BP11))*24),"") -> 0 | BU11: =IFERROR(IF(((BT11-BS11+(BT11<BS11))*24)=0,"0",(BT11-BS11+(BT11<BS11))*24),"") -> 0 | BX11: =IFERROR(IF(((BW11-BV11+(BW11<BV11))*24)=0,"0",(BW11-BV11+(BW11<BV11))*24),"") -> 0 | CA11: =IFERROR(IF(((BZ11-BY11+(BZ11<BY11))*24)=0,"0",(BZ11-BY11+(BZ11<BY11))*24),"") -> 0 | CD11: =IFERROR(IF(((CC11-CB11+(CC11<CB11))*24)=0,"0",(CC11-CB11+(CC11<CB11))*24),"") -> 0 | CG11: =IFERROR(IF(((CF11-CE11+(CF11<CE11))*24)=0,"0",(CF11-CE11+(CF11<CE11))*24),"") -> 0 | CJ11: =IFERROR(IF(((CI11-CH11+(CI11<CH11))*24)=0,"0",(CI11-CH11+(CI11<CH11))*24),"") -> 0 | CM11: =IFERROR(IF(((CL11-CK11+(CL11<CK11))*24)=0,"0",(CL11-CK11+(CL11<CK11))*24),"") -> 0 | CP11: =IFERROR(IF(((CO11-CN11+(CO11<CN11))*24)=0,"0",(CO11-CN11+(CO11<CN11))*24),"") -> 0 | CS11: =IFERROR(IF(((CR11-CQ11+(CR11<CQ11))*24)=0,"0",(CR11-CQ11+(CR11<CQ11))*24),"") -> 0 | CV11: =IFERROR(IF(((CU11-CT11+(CU11<CT11))*24)=0,"0",(CU11-CT11+(CU11<CT11))*24),"") -> 0
A12: 반차시 | E12: ='2-2.근무표'!B11 -> 0 | F12: ='2-2.근무표'!C11 -> 선택 | G12: ='2-2.근무표'!D11 -> 0 | J12: =IFERROR(IF(((I12-H12+(I12<H12))*24)=0,"0",(I12-H12+(I12<H12))*24),"") -> 0 | M12: =IFERROR(IF(((L12-K12+(L12<K12))*24)=0,"0",(L12-K12+(L12<K12))*24),"") -> 0 | P12: =IFERROR(IF(((O12-N12+(O12<N12))*24)=0,"0",(O12-N12+(O12<N12))*24),"") -> 0 | S12: =IFERROR(IF(((R12-Q12+(R12<Q12))*24)=0,"0",(R12-Q12+(R12<Q12))*24),"") -> 0 | V12: =IFERROR(IF(((U12-T12+(U12<T12))*24)=0,"0",(U12-T12+(U12<T12))*24),"") -> 0 | Y12: =IFERROR(IF(((X12-W12+(X12<W12))*24)=0,"0",(X12-W12+(X12<W12))*24),"") -> 0 | AB12: =IFERROR(IF(((AA12-Z12+(AA12<Z12))*24)=0,"0",(AA12-Z12+(AA12<Z12))*24),"") -> 0 | AE12: =IFERROR(IF(((AD12-AC12+(AD12<AC12))*24)=0,"0",(AD12-AC12+(AD12<AC12))*24),"") -> 0 | AH12: =IFERROR(IF(((AG12-AF12+(AG12<AF12))*24)=0,"0",(AG12-AF12+(AG12<AF12))*24),"") -> 0 | AK12: =IFERROR(IF(((AJ12-AI12+(AJ12<AI12))*24)=0,"0",(AJ12-AI12+(AJ12<AI12))*24),"") -> 0 | AN12: =IFERROR(IF(((AM12-AL12+(AM12<AL12))*24)=0,"0",(AM12-AL12+(AM12<AL12))*24),"") -> 0 | AQ12: =IFERROR(IF(((AP12-AO12+(AP12<AO12))*24)=0,"0",(AP12-AO12+(AP12<AO12))*24),"") -> 0 | AT12: =IFERROR(IF(((AS12-AR12+(AS12<AR12))*24)=0,"0",(AS12-AR12+(AS12<AR12))*24),"") -> 0 | AW12: =IFERROR(IF(((AV12-AU12+(AV12<AU12))*24)=0,"0",(AV12-AU12+(AV12<AU12))*24),"") -> 0 | AZ12: =IFERROR(IF(((AY12-AX12+(AY12<AX12))*24)=0,"0",(AY12-AX12+(AY12<AX12))*24),"") -> 0 | BC12: =IFERROR(IF(((BB12-BA12+(BB12<BA12))*24)=0,"0",(BB12-BA12+(BB12<BA12))*24),"") -> 0 | BF12: =IFERROR(IF(((BE12-BD12+(BE12<BD12))*24)=0,"0",(BE12-BD12+(BE12<BD12))*24),"") -> 0 | BI12: =IFERROR(IF(((BH12-BG12+(BH12<BG12))*24)=0,"0",(BH12-BG12+(BH12<BG12))*24),"") -> 0 | BL12: =IFERROR(IF(((BK12-BJ12+(BK12<BJ12))*24)=0,"0",(BK12-BJ12+(BK12<BJ12))*24),"") -> 0 | BO12: =IFERROR(IF(((BN12-BM12+(BN12<BM12))*24)=0,"0",(BN12-BM12+(BN12<BM12))*24),"") -> 0 | BR12: =IFERROR(IF(((BQ12-BP12+(BQ12<BP12))*24)=0,"0",(BQ12-BP12+(BQ12<BP12))*24),"") -> 0 | BU12: =IFERROR(IF(((BT12-BS12+(BT12<BS12))*24)=0,"0",(BT12-BS12+(BT12<BS12))*24),"") -> 0 | BX12: =IFERROR(IF(((BW12-BV12+(BW12<BV12))*24)=0,"0",(BW12-BV12+(BW12<BV12))*24),"") -> 0 | CA12: =IFERROR(IF(((BZ12-BY12+(BZ12<BY12))*24)=0,"0",(BZ12-BY12+(BZ12<BY12))*24),"") -> 0 | CD12: =IFERROR(IF(((CC12-CB12+(CC12<CB12))*24)=0,"0",(CC12-CB12+(CC12<CB12))*24),"") -> 0 | CG12: =IFERROR(IF(((CF12-CE12+(CF12<CE12))*24)=0,"0",(CF12-CE12+(CF12<CE12))*24),"") -> 0 | CJ12: =IFERROR(IF(((CI12-CH12+(CI12<CH12))*24)=0,"0",(CI12-CH12+(CI12<CH12))*24),"") -> 0 | CM12: =IFERROR(IF(((CL12-CK12+(CL12<CK12))*24)=0,"0",(CL12-CK12+(CL12<CK12))*24),"") -> 0 | CP12: =IFERROR(IF(((CO12-CN12+(CO12<CN12))*24)=0,"0",(CO12-CN12+(CO12<CN12))*24),"") -> 0 | CS12: =IFERROR(IF(((CR12-CQ12+(CR12<CQ12))*24)=0,"0",(CR12-CQ12+(CR12<CQ12))*24),"") -> 0 | CV12: =IFERROR(IF(((CU12-CT12+(CU12<CT12))*24)=0,"0",(CU12-CT12+(CU12<CT12))*24),"") -> 0
A13: 무급휴무시 | E13: ='2-2.근무표'!B12 -> 0 | F13: ='2-2.근무표'!C12 -> 선택 | G13: ='2-2.근무표'!D12 -> 0 | J13: =IFERROR(IF(((I13-H13+(I13<H13))*24)=0,"0",(I13-H13+(I13<H13))*24),"") -> 0 | M13: =IFERROR(IF(((L13-K13+(L13<K13))*24)=0,"0",(L13-K13+(L13<K13))*24),"") -> 0 | P13: =IFERROR(IF(((O13-N13+(O13<N13))*24)=0,"0",(O13-N13+(O13<N13))*24),"") -> 0 | S13: =IFERROR(IF(((R13-Q13+(R13<Q13))*24)=0,"0",(R13-Q13+(R13<Q13))*24),"") -> 0 | V13: =IFERROR(IF(((U13-T13+(U13<T13))*24)=0,"0",(U13-T13+(U13<T13))*24),"") -> 0 | Y13: =IFERROR(IF(((X13-W13+(X13<W13))*24)=0,"0",(X13-W13+(X13<W13))*24),"") -> 0 | AB13: =IFERROR(IF(((AA13-Z13+(AA13<Z13))*24)=0,"0",(AA13-Z13+(AA13<Z13))*24),"") -> 0 | AE13: =IFERROR(IF(((AD13-AC13+(AD13<AC13))*24)=0,"0",(AD13-AC13+(AD13<AC13))*24),"") -> 0 | AH13: =IFERROR(IF(((AG13-AF13+(AG13<AF13))*24)=0,"0",(AG13-AF13+(AG13<AF13))*24),"") -> 0 | AK13: =IFERROR(IF(((AJ13-AI13+(AJ13<AI13))*24)=0,"0",(AJ13-AI13+(AJ13<AI13))*24),"") -> 0 | AN13: =IFERROR(IF(((AM13-AL13+(AM13<AL13))*24)=0,"0",(AM13-AL13+(AM13<AL13))*24),"") -> 0 | AQ13: =IFERROR(IF(((AP13-AO13+(AP13<AO13))*24)=0,"0",(AP13-AO13+(AP13<AO13))*24),"") -> 0 | AT13: =IFERROR(IF(((AS13-AR13+(AS13<AR13))*24)=0,"0",(AS13-AR13+(AS13<AR13))*24),"") -> 0 | AW13: =IFERROR(IF(((AV13-AU13+(AV13<AU13))*24)=0,"0",(AV13-AU13+(AV13<AU13))*24),"") -> 0 | AZ13: =IFERROR(IF(((AY13-AX13+(AY13<AX13))*24)=0,"0",(AY13-AX13+(AY13<AX13))*24),"") -> 0 | BC13: =IFERROR(IF(((BB13-BA13+(BB13<BA13))*24)=0,"0",(BB13-BA13+(BB13<BA13))*24),"") -> 0 | BF13: =IFERROR(IF(((BE13-BD13+(BE13<BD13))*24)=0,"0",(BE13-BD13+(BE13<BD13))*24),"") -> 0 | BI13: =IFERROR(IF(((BH13-BG13+(BH13<BG13))*24)=0,"0",(BH13-BG13+(BH13<BG13))*24),"") -> 0 | BL13: =IFERROR(IF(((BK13-BJ13+(BK13<BJ13))*24)=0,"0",(BK13-BJ13+(BK13<BJ13))*24),"") -> 0 | BO13: =IFERROR(IF(((BN13-BM13+(BN13<BM13))*24)=0,"0",(BN13-BM13+(BN13<BM13))*24),"") -> 0 | BR13: =IFERROR(IF(((BQ13-BP13+(BQ13<BP13))*24)=0,"0",(BQ13-BP13+(BQ13<BP13))*24),"") -> 0 | BU13: =IFERROR(IF(((BT13-BS13+(BT13<BS13))*24)=0,"0",(BT13-BS13+(BT13<BS13))*24),"") -> 0 | BX13: =IFERROR(IF(((BW13-BV13+(BW13<BV13))*24)=0,"0",(BW13-BV13+(BW13<BV13))*24),"") -> 0 | CA13: =IFERROR(IF(((BZ13-BY13+(BZ13<BY13))*24)=0,"0",(BZ13-BY13+(BZ13<BY13))*24),"") -> 0 | CD13: =IFERROR(IF(((CC13-CB13+(CC13<CB13))*24)=0,"0",(CC13-CB13+(CC13<CB13))*24),"") -> 0 | CG13: =IFERROR(IF(((CF13-CE13+(CF13<CE13))*24)=0,"0",(CF13-CE13+(CF13<CE13))*24),"") -> 0 | CJ13: =IFERROR(IF(((CI13-CH13+(CI13<CH13))*24)=0,"0",(CI13-CH13+(CI13<CH13))*24),"") -> 0 | CM13: =IFERROR(IF(((CL13-CK13+(CL13<CK13))*24)=0,"0",(CL13-CK13+(CL13<CK13))*24),"") -> 0 | CP13: =IFERROR(IF(((CO13-CN13+(CO13<CN13))*24)=0,"0",(CO13-CN13+(CO13<CN13))*24),"") -> 0 | CS13: =IFERROR(IF(((CR13-CQ13+(CR13<CQ13))*24)=0,"0",(CR13-CQ13+(CR13<CQ13))*24),"") -> 0 | CV13: =IFERROR(IF(((CU13-CT13+(CU13<CT13))*24)=0,"0",(CU13-CT13+(CU13<CT13))*24),"") -> 0
A14: 타매장으로 파견시 | E14: ='2-2.근무표'!B13 -> 0 | F14: ='2-2.근무표'!C13 -> 선택 | G14: ='2-2.근무표'!D13 -> 0 | J14: =IFERROR(IF(((I14-H14+(I14<H14))*24)=0,"0",(I14-H14+(I14<H14))*24),"") -> 0 | M14: =IFERROR(IF(((L14-K14+(L14<K14))*24)=0,"0",(L14-K14+(L14<K14))*24),"") -> 0 | P14: =IFERROR(IF(((O14-N14+(O14<N14))*24)=0,"0",(O14-N14+(O14<N14))*24),"") -> 0 | S14: =IFERROR(IF(((R14-Q14+(R14<Q14))*24)=0,"0",(R14-Q14+(R14<Q14))*24),"") -> 0 | V14: =IFERROR(IF(((U14-T14+(U14<T14))*24)=0,"0",(U14-T14+(U14<T14))*24),"") -> 0 | Y14: =IFERROR(IF(((X14-W14+(X14<W14))*24)=0,"0",(X14-W14+(X14<W14))*24),"") -> 0 | AB14: =IFERROR(IF(((AA14-Z14+(AA14<Z14))*24)=0,"0",(AA14-Z14+(AA14<Z14))*24),"") -> 0 | AE14: =IFERROR(IF(((AD14-AC14+(AD14<AC14))*24)=0,"0",(AD14-AC14+(AD14<AC14))*24),"") -> 0 | AH14: =IFERROR(IF(((AG14-AF14+(AG14<AF14))*24)=0,"0",(AG14-AF14+(AG14<AF14))*24),"") -> 0 | AK14: =IFERROR(IF(((AJ14-AI14+(AJ14<AI14))*24)=0,"0",(AJ14-AI14+(AJ14<AI14))*24),"") -> 0 | AN14: =IFERROR(IF(((AM14-AL14+(AM14<AL14))*24)=0,"0",(AM14-AL14+(AM14<AL14))*24),"") -> 0 | AQ14: =IFERROR(IF(((AP14-AO14+(AP14<AO14))*24)=0,"0",(AP14-AO14+(AP14<AO14))*24),"") -> 0 | AT14: =IFERROR(IF(((AS14-AR14+(AS14<AR14))*24)=0,"0",(AS14-AR14+(AS14<AR14))*24),"") -> 0 | AW14: =IFERROR(IF(((AV14-AU14+(AV14<AU14))*24)=0,"0",(AV14-AU14+(AV14<AU14))*24),"") -> 0 | AZ14: =IFERROR(IF(((AY14-AX14+(AY14<AX14))*24)=0,"0",(AY14-AX14+(AY14<AX14))*24),"") -> 0 | BC14: =IFERROR(IF(((BB14-BA14+(BB14<BA14))*24)=0,"0",(BB14-BA14+(BB14<BA14))*24),"") -> 0 | BF14: =IFERROR(IF(((BE14-BD14+(BE14<BD14))*24)=0,"0",(BE14-BD14+(BE14<BD14))*24),"") -> 0 | BI14: =IFERROR(IF(((BH14-BG14+(BH14<BG14))*24)=0,"0",(BH14-BG14+(BH14<BG14))*24),"") -> 0 | BL14: =IFERROR(IF(((BK14-BJ14+(BK14<BJ14))*24)=0,"0",(BK14-BJ14+(BK14<BJ14))*24),"") -> 0 | BO14: =IFERROR(IF(((BN14-BM14+(BN14<BM14))*24)=0,"0",(BN14-BM14+(BN14<BM14))*24),"") -> 0 | BR14: =IFERROR(IF(((BQ14-BP14+(BQ14<BP14))*24)=0,"0",(BQ14-BP14+(BQ14<BP14))*24),"") -> 0 | BU14: =IFERROR(IF(((BT14-BS14+(BT14<BS14))*24)=0,"0",(BT14-BS14+(BT14<BS14))*24),"") -> 0 | BX14: =IFERROR(IF(((BW14-BV14+(BW14<BV14))*24)=0,"0",(BW14-BV14+(BW14<BV14))*24),"") -> 0 | CA14: =IFERROR(IF(((BZ14-BY14+(BZ14<BY14))*24)=0,"0",(BZ14-BY14+(BZ14<BY14))*24),"") -> 0 | CD14: =IFERROR(IF(((CC14-CB14+(CC14<CB14))*24)=0,"0",(CC14-CB14+(CC14<CB14))*24),"") -> 0 | CG14: =IFERROR(IF(((CF14-CE14+(CF14<CE14))*24)=0,"0",(CF14-CE14+(CF14<CE14))*24),"") -> 0 | CJ14: =IFERROR(IF(((CI14-CH14+(CI14<CH14))*24)=0,"0",(CI14-CH14+(CI14<CH14))*24),"") -> 0 | CM14: =IFERROR(IF(((CL14-CK14+(CL14<CK14))*24)=0,"0",(CL14-CK14+(CL14<CK14))*24),"") -> 0 | CP14: =IFERROR(IF(((CO14-CN14+(CO14<CN14))*24)=0,"0",(CO14-CN14+(CO14<CN14))*24),"") -> 0 | CS14: =IFERROR(IF(((CR14-CQ14+(CR14<CQ14))*24)=0,"0",(CR14-CQ14+(CR14<CQ14))*24),"") -> 0 | CV14: =IFERROR(IF(((CU14-CT14+(CU14<CT14))*24)=0,"0",(CU14-CT14+(CU14<CT14))*24),"") -> 0
A15: 타매장에서 지원시 | E15: ='2-2.근무표'!B14 -> 0 | F15: ='2-2.근무표'!C14 -> 선택 | G15: ='2-2.근무표'!D14 -> 0 | J15: =IFERROR(IF(((I15-H15+(I15<H15))*24)=0,"0",(I15-H15+(I15<H15))*24),"") -> 0 | M15: =IFERROR(IF(((L15-K15+(L15<K15))*24)=0,"0",(L15-K15+(L15<K15))*24),"") -> 0 | P15: =IFERROR(IF(((O15-N15+(O15<N15))*24)=0,"0",(O15-N15+(O15<N15))*24),"") -> 0 | S15: =IFERROR(IF(((R15-Q15+(R15<Q15))*24)=0,"0",(R15-Q15+(R15<Q15))*24),"") -> 0 | V15: =IFERROR(IF(((U15-T15+(U15<T15))*24)=0,"0",(U15-T15+(U15<T15))*24),"") -> 0 | Y15: =IFERROR(IF(((X15-W15+(X15<W15))*24)=0,"0",(X15-W15+(X15<W15))*24),"") -> 0 | AB15: =IFERROR(IF(((AA15-Z15+(AA15<Z15))*24)=0,"0",(AA15-Z15+(AA15<Z15))*24),"") -> 0 | AE15: =IFERROR(IF(((AD15-AC15+(AD15<AC15))*24)=0,"0",(AD15-AC15+(AD15<AC15))*24),"") -> 0 | AH15: =IFERROR(IF(((AG15-AF15+(AG15<AF15))*24)=0,"0",(AG15-AF15+(AG15<AF15))*24),"") -> 0 | AK15: =IFERROR(IF(((AJ15-AI15+(AJ15<AI15))*24)=0,"0",(AJ15-AI15+(AJ15<AI15))*24),"") -> 0 | AN15: =IFERROR(IF(((AM15-AL15+(AM15<AL15))*24)=0,"0",(AM15-AL15+(AM15<AL15))*24),"") -> 0 | AQ15: =IFERROR(IF(((AP15-AO15+(AP15<AO15))*24)=0,"0",(AP15-AO15+(AP15<AO15))*24),"") -> 0 | AT15: =IFERROR(IF(((AS15-AR15+(AS15<AR15))*24)=0,"0",(AS15-AR15+(AS15<AR15))*24),"") -> 0 | AW15: =IFERROR(IF(((AV15-AU15+(AV15<AU15))*24)=0,"0",(AV15-AU15+(AV15<AU15))*24),"") -> 0 | AZ15: =IFERROR(IF(((AY15-AX15+(AY15<AX15))*24)=0,"0",(AY15-AX15+(AY15<AX15))*24),"") -> 0 | BC15: =IFERROR(IF(((BB15-BA15+(BB15<BA15))*24)=0,"0",(BB15-BA15+(BB15<BA15))*24),"") -> 0 | BF15: =IFERROR(IF(((BE15-BD15+(BE15<BD15))*24)=0,"0",(BE15-BD15+(BE15<BD15))*24),"") -> 0 | BI15: =IFERROR(IF(((BH15-BG15+(BH15<BG15))*24)=0,"0",(BH15-BG15+(BH15<BG15))*24),"") -> 0 | BL15: =IFERROR(IF(((BK15-BJ15+(BK15<BJ15))*24)=0,"0",(BK15-BJ15+(BK15<BJ15))*24),"") -> 0 | BO15: =IFERROR(IF(((BN15-BM15+(BN15<BM15))*24)=0,"0",(BN15-BM15+(BN15<BM15))*24),"") -> 0 | BR15: =IFERROR(IF(((BQ15-BP15+(BQ15<BP15))*24)=0,"0",(BQ15-BP15+(BQ15<BP15))*24),"") -> 0 | BU15: =IFERROR(IF(((BT15-BS15+(BT15<BS15))*24)=0,"0",(BT15-BS15+(BT15<BS15))*24),"") -> 0 | BX15: =IFERROR(IF(((BW15-BV15+(BW15<BV15))*24)=0,"0",(BW15-BV15+(BW15<BV15))*24),"") -> 0 | CA15: =IFERROR(IF(((BZ15-BY15+(BZ15<BY15))*24)=0,"0",(BZ15-BY15+(BZ15<BY15))*24),"") -> 0 | CD15: =IFERROR(IF(((CC15-CB15+(CC15<CB15))*24)=0,"0",(CC15-CB15+(CC15<CB15))*24),"") -> 0 | CG15: =IFERROR(IF(((CF15-CE15+(CF15<CE15))*24)=0,"0",(CF15-CE15+(CF15<CE15))*24),"") -> 0 | CJ15: =IFERROR(IF(((CI15-CH15+(CI15<CH15))*24)=0,"0",(CI15-CH15+(CI15<CH15))*24),"") -> 0 | CM15: =IFERROR(IF(((CL15-CK15+(CL15<CK15))*24)=0,"0",(CL15-CK15+(CL15<CK15))*24),"") -> 0 | CP15: =IFERROR(IF(((CO15-CN15+(CO15<CN15))*24)=0,"0",(CO15-CN15+(CO15<CN15))*24),"") -> 0 | CS15: =IFERROR(IF(((CR15-CQ15+(CR15<CQ15))*24)=0,"0",(CR15-CQ15+(CR15<CQ15))*24),"") -> 0 | CV15: =IFERROR(IF(((CU15-CT15+(CU15<CT15))*24)=0,"0",(CU15-CT15+(CU15<CT15))*24),"") -> 0
E16: ='2-2.근무표'!B15 -> 0 | F16: ='2-2.근무표'!C15 -> 선택 | G16: ='2-2.근무표'!D15 -> 0 | J16: =IFERROR(IF(((I16-H16+(I16<H16))*24)=0,"0",(I16-H16+(I16<H16))*24),"") -> 0 | M16: =IFERROR(IF(((L16-K16+(L16<K16))*24)=0,"0",(L16-K16+(L16<K16))*24),"") -> 0 | P16: =IFERROR(IF(((O16-N16+(O16<N16))*24)=0,"0",(O16-N16+(O16<N16))*24),"") -> 0 | S16: =IFERROR(IF(((R16-Q16+(R16<Q16))*24)=0,"0",(R16-Q16+(R16<Q16))*24),"") -> 0 | V16: =IFERROR(IF(((U16-T16+(U16<T16))*24)=0,"0",(U16-T16+(U16<T16))*24),"") -> 0 | Y16: =IFERROR(IF(((X16-W16+(X16<W16))*24)=0,"0",(X16-W16+(X16<W16))*24),"") -> 0 | AB16: =IFERROR(IF(((AA16-Z16+(AA16<Z16))*24)=0,"0",(AA16-Z16+(AA16<Z16))*24),"") -> 0 | AE16: =IFERROR(IF(((AD16-AC16+(AD16<AC16))*24)=0,"0",(AD16-AC16+(AD16<AC16))*24),"") -> 0 | AH16: =IFERROR(IF(((AG16-AF16+(AG16<AF16))*24)=0,"0",(AG16-AF16+(AG16<AF16))*24),"") -> 0 | AK16: =IFERROR(IF(((AJ16-AI16+(AJ16<AI16))*24)=0,"0",(AJ16-AI16+(AJ16<AI16))*24),"") -> 0 | AN16: =IFERROR(IF(((AM16-AL16+(AM16<AL16))*24)=0,"0",(AM16-AL16+(AM16<AL16))*24),"") -> 0 | AQ16: =IFERROR(IF(((AP16-AO16+(AP16<AO16))*24)=0,"0",(AP16-AO16+(AP16<AO16))*24),"") -> 0 | AT16: =IFERROR(IF(((AS16-AR16+(AS16<AR16))*24)=0,"0",(AS16-AR16+(AS16<AR16))*24),"") -> 0 | AW16: =IFERROR(IF(((AV16-AU16+(AV16<AU16))*24)=0,"0",(AV16-AU16+(AV16<AU16))*24),"") -> 0 | AZ16: =IFERROR(IF(((AY16-AX16+(AY16<AX16))*24)=0,"0",(AY16-AX16+(AY16<AX16))*24),"") -> 0 | BC16: =IFERROR(IF(((BB16-BA16+(BB16<BA16))*24)=0,"0",(BB16-BA16+(BB16<BA16))*24),"") -> 0 | BF16: =IFERROR(IF(((BE16-BD16+(BE16<BD16))*24)=0,"0",(BE16-BD16+(BE16<BD16))*24),"") -> 0 | BI16: =IFERROR(IF(((BH16-BG16+(BH16<BG16))*24)=0,"0",(BH16-BG16+(BH16<BG16))*24),"") -> 0 | BL16: =IFERROR(IF(((BK16-BJ16+(BK16<BJ16))*24)=0,"0",(BK16-BJ16+(BK16<BJ16))*24),"") -> 0 | BO16: =IFERROR(IF(((BN16-BM16+(BN16<BM16))*24)=0,"0",(BN16-BM16+(BN16<BM16))*24),"") -> 0 | BR16: =IFERROR(IF(((BQ16-BP16+(BQ16<BP16))*24)=0,"0",(BQ16-BP16+(BQ16<BP16))*24),"") -> 0 | BU16: =IFERROR(IF(((BT16-BS16+(BT16<BS16))*24)=0,"0",(BT16-BS16+(BT16<BS16))*24),"") -> 0 | BX16: =IFERROR(IF(((BW16-BV16+(BW16<BV16))*24)=0,"0",(BW16-BV16+(BW16<BV16))*24),"") -> 0 | CA16: =IFERROR(IF(((BZ16-BY16+(BZ16<BY16))*24)=0,"0",(BZ16-BY16+(BZ16<BY16))*24),"") -> 0 | CD16: =IFERROR(IF(((CC16-CB16+(CC16<CB16))*24)=0,"0",(CC16-CB16+(CC16<CB16))*24),"") -> 0 | CG16: =IFERROR(IF(((CF16-CE16+(CF16<CE16))*24)=0,"0",(CF16-CE16+(CF16<CE16))*24),"") -> 0 | CJ16: =IFERROR(IF(((CI16-CH16+(CI16<CH16))*24)=0,"0",(CI16-CH16+(CI16<CH16))*24),"") -> 0 | CM16: =IFERROR(IF(((CL16-CK16+(CL16<CK16))*24)=0,"0",(CL16-CK16+(CL16<CK16))*24),"") -> 0 | CP16: =IFERROR(IF(((CO16-CN16+(CO16<CN16))*24)=0,"0",(CO16-CN16+(CO16<CN16))*24),"") -> 0 | CS16: =IFERROR(IF(((CR16-CQ16+(CR16<CQ16))*24)=0,"0",(CR16-CQ16+(CR16<CQ16))*24),"") -> 0 | CV16: =IFERROR(IF(((CU16-CT16+(CU16<CT16))*24)=0,"0",(CU16-CT16+(CU16<CT16))*24),"") -> 0
E17: ='2-2.근무표'!B16 -> 김지용 | F17: ='2-2.근무표'!C16 -> 선택 | G17: ='2-2.근무표'!D16 -> 0 | J17: =IFERROR(IF(((I17-H17+(I17<H17))*24)=0,"0",(I17-H17+(I17<H17))*24),"") -> 0 | M17: =IFERROR(IF(((L17-K17+(L17<K17))*24)=0,"0",(L17-K17+(L17<K17))*24),"") -> 0 | P17: =IFERROR(IF(((O17-N17+(O17<N17))*24)=0,"0",(O17-N17+(O17<N17))*24),"") -> 0 | S17: =IFERROR(IF(((R17-Q17+(R17<Q17))*24)=0,"0",(R17-Q17+(R17<Q17))*24),"") -> 0 | V17: =IFERROR(IF(((U17-T17+(U17<T17))*24)=0,"0",(U17-T17+(U17<T17))*24),"") -> 0 | Y17: =IFERROR(IF(((X17-W17+(X17<W17))*24)=0,"0",(X17-W17+(X17<W17))*24),"") -> 0 | AB17: =IFERROR(IF(((AA17-Z17+(AA17<Z17))*24)=0,"0",(AA17-Z17+(AA17<Z17))*24),"") -> 0 | AE17: =IFERROR(IF(((AD17-AC17+(AD17<AC17))*24)=0,"0",(AD17-AC17+(AD17<AC17))*24),"") -> 0 | AH17: =IFERROR(IF(((AG17-AF17+(AG17<AF17))*24)=0,"0",(AG17-AF17+(AG17<AF17))*24),"") -> 0 | AK17: =IFERROR(IF(((AJ17-AI17+(AJ17<AI17))*24)=0,"0",(AJ17-AI17+(AJ17<AI17))*24),"") -> 0 | AN17: =IFERROR(IF(((AM17-AL17+(AM17<AL17))*24)=0,"0",(AM17-AL17+(AM17<AL17))*24),"") -> 0 | AQ17: =IFERROR(IF(((AP17-AO17+(AP17<AO17))*24)=0,"0",(AP17-AO17+(AP17<AO17))*24),"") -> 0 | AT17: =IFERROR(IF(((AS17-AR17+(AS17<AR17))*24)=0,"0",(AS17-AR17+(AS17<AR17))*24),"") -> 0 | AW17: =IFERROR(IF(((AV17-AU17+(AV17<AU17))*24)=0,"0",(AV17-AU17+(AV17<AU17))*24),"") -> 0 | AZ17: =IFERROR(IF(((AY17-AX17+(AY17<AX17))*24)=0,"0",(AY17-AX17+(AY17<AX17))*24),"") -> 0 | BC17: =IFERROR(IF(((BB17-BA17+(BB17<BA17))*24)=0,"0",(BB17-BA17+(BB17<BA17))*24),"") -> 0 | BF17: =IFERROR(IF(((BE17-BD17+(BE17<BD17))*24)=0,"0",(BE17-BD17+(BE17<BD17))*24),"") -> 0 | BI17: =IFERROR(IF(((BH17-BG17+(BH17<BG17))*24)=0,"0",(BH17-BG17+(BH17<BG17))*24),"") -> 0 | BL17: =IFERROR(IF(((BK17-BJ17+(BK17<BJ17))*24)=0,"0",(BK17-BJ17+(BK17<BJ17))*24),"") -> 0 | BO17: =IFERROR(IF(((BN17-BM17+(BN17<BM17))*24)=0,"0",(BN17-BM17+(BN17<BM17))*24),"") -> 0 | BR17: =IFERROR(IF(((BQ17-BP17+(BQ17<BP17))*24)=0,"0",(BQ17-BP17+(BQ17<BP17))*24),"") -> 0 | BU17: =IFERROR(IF(((BT17-BS17+(BT17<BS17))*24)=0,"0",(BT17-BS17+(BT17<BS17))*24),"") -> 0 | BX17: =IFERROR(IF(((BW17-BV17+(BW17<BV17))*24)=0,"0",(BW17-BV17+(BW17<BV17))*24),"") -> 0 | CA17: =IFERROR(IF(((BZ17-BY17+(BZ17<BY17))*24)=0,"0",(BZ17-BY17+(BZ17<BY17))*24),"") -> 0 | CD17: =IFERROR(IF(((CC17-CB17+(CC17<CB17))*24)=0,"0",(CC17-CB17+(CC17<CB17))*24),"") -> 0 | CG17: =IFERROR(IF(((CF17-CE17+(CF17<CE17))*24)=0,"0",(CF17-CE17+(CF17<CE17))*24),"") -> 0 | CJ17: =IFERROR(IF(((CI17-CH17+(CI17<CH17))*24)=0,"0",(CI17-CH17+(CI17<CH17))*24),"") -> 0 | CM17: =IFERROR(IF(((CL17-CK17+(CL17<CK17))*24)=0,"0",(CL17-CK17+(CL17<CK17))*24),"") -> 0 | CP17: =IFERROR(IF(((CO17-CN17+(CO17<CN17))*24)=0,"0",(CO17-CN17+(CO17<CN17))*24),"") -> 0 | CS17: =IFERROR(IF(((CR17-CQ17+(CR17<CQ17))*24)=0,"0",(CR17-CQ17+(CR17<CQ17))*24),"") -> 0 | CV17: =IFERROR(IF(((CU17-CT17+(CU17<CT17))*24)=0,"0",(CU17-CT17+(CU17<CT17))*24),"") -> 0
E18: ='2-2.근무표'!B17 -> 이도형 | F18: ='2-2.근무표'!C17 -> 선택 | G18: ='2-2.근무표'!D17 -> 0 | J18: =IFERROR(IF(((I18-H18+(I18<H18))*24)=0,"0",(I18-H18+(I18<H18))*24),"") -> 0 | M18: =IFERROR(IF(((L18-K18+(L18<K18))*24)=0,"0",(L18-K18+(L18<K18))*24),"") -> 0 | P18: =IFERROR(IF(((O18-N18+(O18<N18))*24)=0,"0",(O18-N18+(O18<N18))*24),"") -> 0 | S18: =IFERROR(IF(((R18-Q18+(R18<Q18))*24)=0,"0",(R18-Q18+(R18<Q18))*24),"") -> 0 | V18: =IFERROR(IF(((U18-T18+(U18<T18))*24)=0,"0",(U18-T18+(U18<T18))*24),"") -> 0 | Y18: =IFERROR(IF(((X18-W18+(X18<W18))*24)=0,"0",(X18-W18+(X18<W18))*24),"") -> 0 | AB18: =IFERROR(IF(((AA18-Z18+(AA18<Z18))*24)=0,"0",(AA18-Z18+(AA18<Z18))*24),"") -> 0 | AE18: =IFERROR(IF(((AD18-AC18+(AD18<AC18))*24)=0,"0",(AD18-AC18+(AD18<AC18))*24),"") -> 0 | AH18: =IFERROR(IF(((AG18-AF18+(AG18<AF18))*24)=0,"0",(AG18-AF18+(AG18<AF18))*24),"") -> 0 | AK18: =IFERROR(IF(((AJ18-AI18+(AJ18<AI18))*24)=0,"0",(AJ18-AI18+(AJ18<AI18))*24),"") -> 0 | AN18: =IFERROR(IF(((AM18-AL18+(AM18<AL18))*24)=0,"0",(AM18-AL18+(AM18<AL18))*24),"") -> 0 | AQ18: =IFERROR(IF(((AP18-AO18+(AP18<AO18))*24)=0,"0",(AP18-AO18+(AP18<AO18))*24),"") -> 0 | AT18: =IFERROR(IF(((AS18-AR18+(AS18<AR18))*24)=0,"0",(AS18-AR18+(AS18<AR18))*24),"") -> 0 | AW18: =IFERROR(IF(((AV18-AU18+(AV18<AU18))*24)=0,"0",(AV18-AU18+(AV18<AU18))*24),"") -> 0 | AZ18: =IFERROR(IF(((AY18-AX18+(AY18<AX18))*24)=0,"0",(AY18-AX18+(AY18<AX18))*24),"") -> 0 | BC18: =IFERROR(IF(((BB18-BA18+(BB18<BA18))*24)=0,"0",(BB18-BA18+(BB18<BA18))*24),"") -> 0 | BF18: =IFERROR(IF(((BE18-BD18+(BE18<BD18))*24)=0,"0",(BE18-BD18+(BE18<BD18))*24),"") -> 0 | BI18: =IFERROR(IF(((BH18-BG18+(BH18<BG18))*24)=0,"0",(BH18-BG18+(BH18<BG18))*24),"") -> 0 | BL18: =IFERROR(IF(((BK18-BJ18+(BK18<BJ18))*24)=0,"0",(BK18-BJ18+(BK18<BJ18))*24),"") -> 0 | BO18: =IFERROR(IF(((BN18-BM18+(BN18<BM18))*24)=0,"0",(BN18-BM18+(BN18<BM18))*24),"") -> 0 | BR18: =IFERROR(IF(((BQ18-BP18+(BQ18<BP18))*24)=0,"0",(BQ18-BP18+(BQ18<BP18))*24),"") -> 0 | BU18: =IFERROR(IF(((BT18-BS18+(BT18<BS18))*24)=0,"0",(BT18-BS18+(BT18<BS18))*24),"") -> 0 | BX18: =IFERROR(IF(((BW18-BV18+(BW18<BV18))*24)=0,"0",(BW18-BV18+(BW18<BV18))*24),"") -> 0 | CA18: =IFERROR(IF(((BZ18-BY18+(BZ18<BY18))*24)=0,"0",(BZ18-BY18+(BZ18<BY18))*24),"") -> 0 | CD18: =IFERROR(IF(((CC18-CB18+(CC18<CB18))*24)=0,"0",(CC18-CB18+(CC18<CB18))*24),"") -> 0 | CG18: =IFERROR(IF(((CF18-CE18+(CF18<CE18))*24)=0,"0",(CF18-CE18+(CF18<CE18))*24),"") -> 0 | CJ18: =IFERROR(IF(((CI18-CH18+(CI18<CH18))*24)=0,"0",(CI18-CH18+(CI18<CH18))*24),"") -> 0 | CM18: =IFERROR(IF(((CL18-CK18+(CL18<CK18))*24)=0,"0",(CL18-CK18+(CL18<CK18))*24),"") -> 0 | CP18: =IFERROR(IF(((CO18-CN18+(CO18<CN18))*24)=0,"0",(CO18-CN18+(CO18<CN18))*24),"") -> 0 | CS18: =IFERROR(IF(((CR18-CQ18+(CR18<CQ18))*24)=0,"0",(CR18-CQ18+(CR18<CQ18))*24),"") -> 0 | CV18: =IFERROR(IF(((CU18-CT18+(CU18<CT18))*24)=0,"0",(CU18-CT18+(CU18<CT18))*24),"") -> 0
E19: ='2-2.근무표'!B18 -> 0 | F19: ='2-2.근무표'!C18 -> 선택 | G19: ='2-2.근무표'!D18 -> 0 | J19: =IFERROR(IF(((I19-H19+(I19<H19))*24)=0,"0",(I19-H19+(I19<H19))*24),"") -> 0 | M19: =IFERROR(IF(((L19-K19+(L19<K19))*24)=0,"0",(L19-K19+(L19<K19))*24),"") -> 0 | P19: =IFERROR(IF(((O19-N19+(O19<N19))*24)=0,"0",(O19-N19+(O19<N19))*24),"") -> 0 | S19: =IFERROR(IF(((R19-Q19+(R19<Q19))*24)=0,"0",(R19-Q19+(R19<Q19))*24),"") -> 0 | V19: =IFERROR(IF(((U19-T19+(U19<T19))*24)=0,"0",(U19-T19+(U19<T19))*24),"") -> 0 | Y19: =IFERROR(IF(((X19-W19+(X19<W19))*24)=0,"0",(X19-W19+(X19<W19))*24),"") -> 0 | AB19: =IFERROR(IF(((AA19-Z19+(AA19<Z19))*24)=0,"0",(AA19-Z19+(AA19<Z19))*24),"") -> 0 | AE19: =IFERROR(IF(((AD19-AC19+(AD19<AC19))*24)=0,"0",(AD19-AC19+(AD19<AC19))*24),"") -> 0 | AH19: =IFERROR(IF(((AG19-AF19+(AG19<AF19))*24)=0,"0",(AG19-AF19+(AG19<AF19))*24),"") -> 0 | AK19: =IFERROR(IF(((AJ19-AI19+(AJ19<AI19))*24)=0,"0",(AJ19-AI19+(AJ19<AI19))*24),"") -> 0 | AN19: =IFERROR(IF(((AM19-AL19+(AM19<AL19))*24)=0,"0",(AM19-AL19+(AM19<AL19))*24),"") -> 0 | AQ19: =IFERROR(IF(((AP19-AO19+(AP19<AO19))*24)=0,"0",(AP19-AO19+(AP19<AO19))*24),"") -> 0 | AT19: =IFERROR(IF(((AS19-AR19+(AS19<AR19))*24)=0,"0",(AS19-AR19+(AS19<AR19))*24),"") -> 0 | AW19: =IFERROR(IF(((AV19-AU19+(AV19<AU19))*24)=0,"0",(AV19-AU19+(AV19<AU19))*24),"") -> 0 | AZ19: =IFERROR(IF(((AY19-AX19+(AY19<AX19))*24)=0,"0",(AY19-AX19+(AY19<AX19))*24),"") -> 0 | BC19: =IFERROR(IF(((BB19-BA19+(BB19<BA19))*24)=0,"0",(BB19-BA19+(BB19<BA19))*24),"") -> 0 | BF19: =IFERROR(IF(((BE19-BD19+(BE19<BD19))*24)=0,"0",(BE19-BD19+(BE19<BD19))*24),"") -> 0 | BI19: =IFERROR(IF(((BH19-BG19+(BH19<BG19))*24)=0,"0",(BH19-BG19+(BH19<BG19))*24),"") -> 0 | BL19: =IFERROR(IF(((BK19-BJ19+(BK19<BJ19))*24)=0,"0",(BK19-BJ19+(BK19<BJ19))*24),"") -> 0 | BO19: =IFERROR(IF(((BN19-BM19+(BN19<BM19))*24)=0,"0",(BN19-BM19+(BN19<BM19))*24),"") -> 0 | BR19: =IFERROR(IF(((BQ19-BP19+(BQ19<BP19))*24)=0,"0",(BQ19-BP19+(BQ19<BP19))*24),"") -> 0 | BU19: =IFERROR(IF(((BT19-BS19+(BT19<BS19))*24)=0,"0",(BT19-BS19+(BT19<BS19))*24),"") -> 0 | BX19: =IFERROR(IF(((BW19-BV19+(BW19<BV19))*24)=0,"0",(BW19-BV19+(BW19<BV19))*24),"") -> 0 | CA19: =IFERROR(IF(((BZ19-BY19+(BZ19<BY19))*24)=0,"0",(BZ19-BY19+(BZ19<BY19))*24),"") -> 0 | CD19: =IFERROR(IF(((CC19-CB19+(CC19<CB19))*24)=0,"0",(CC19-CB19+(CC19<CB19))*24),"") -> 0 | CG19: =IFERROR(IF(((CF19-CE19+(CF19<CE19))*24)=0,"0",(CF19-CE19+(CF19<CE19))*24),"") -> 0 | CJ19: =IFERROR(IF(((CI19-CH19+(CI19<CH19))*24)=0,"0",(CI19-CH19+(CI19<CH19))*24),"") -> 0 | CM19: =IFERROR(IF(((CL19-CK19+(CL19<CK19))*24)=0,"0",(CL19-CK19+(CL19<CK19))*24),"") -> 0 | CP19: =IFERROR(IF(((CO19-CN19+(CO19<CN19))*24)=0,"0",(CO19-CN19+(CO19<CN19))*24),"") -> 0 | CS19: =IFERROR(IF(((CR19-CQ19+(CR19<CQ19))*24)=0,"0",(CR19-CQ19+(CR19<CQ19))*24),"") -> 0 | CV19: =IFERROR(IF(((CU19-CT19+(CU19<CT19))*24)=0,"0",(CU19-CT19+(CU19<CT19))*24),"") -> 0
E20: ='2-2.근무표'!B19 -> 0 | F20: ='2-2.근무표'!C19 -> 선택 | G20: ='2-2.근무표'!D19 -> 0 | J20: =IFERROR(IF(((I20-H20+(I20<H20))*24)=0,"0",(I20-H20+(I20<H20))*24),"") -> 0 | M20: =IFERROR(IF(((L20-K20+(L20<K20))*24)=0,"0",(L20-K20+(L20<K20))*24),"") -> 0 | P20: =IFERROR(IF(((O20-N20+(O20<N20))*24)=0,"0",(O20-N20+(O20<N20))*24),"") -> 0 | S20: =IFERROR(IF(((R20-Q20+(R20<Q20))*24)=0,"0",(R20-Q20+(R20<Q20))*24),"") -> 0 | V20: =IFERROR(IF(((U20-T20+(U20<T20))*24)=0,"0",(U20-T20+(U20<T20))*24),"") -> 0 | Y20: =IFERROR(IF(((X20-W20+(X20<W20))*24)=0,"0",(X20-W20+(X20<W20))*24),"") -> 0 | AB20: =IFERROR(IF(((AA20-Z20+(AA20<Z20))*24)=0,"0",(AA20-Z20+(AA20<Z20))*24),"") -> 0 | AE20: =IFERROR(IF(((AD20-AC20+(AD20<AC20))*24)=0,"0",(AD20-AC20+(AD20<AC20))*24),"") -> 0 | AH20: =IFERROR(IF(((AG20-AF20+(AG20<AF20))*24)=0,"0",(AG20-AF20+(AG20<AF20))*24),"") -> 0 | AK20: =IFERROR(IF(((AJ20-AI20+(AJ20<AI20))*24)=0,"0",(AJ20-AI20+(AJ20<AI20))*24),"") -> 0 | AN20: =IFERROR(IF(((AM20-AL20+(AM20<AL20))*24)=0,"0",(AM20-AL20+(AM20<AL20))*24),"") -> 0 | AQ20: =IFERROR(IF(((AP20-AO20+(AP20<AO20))*24)=0,"0",(AP20-AO20+(AP20<AO20))*24),"") -> 0 | AT20: =IFERROR(IF(((AS20-AR20+(AS20<AR20))*24)=0,"0",(AS20-AR20+(AS20<AR20))*24),"") -> 0 | AW20: =IFERROR(IF(((AV20-AU20+(AV20<AU20))*24)=0,"0",(AV20-AU20+(AV20<AU20))*24),"") -> 0 | AZ20: =IFERROR(IF(((AY20-AX20+(AY20<AX20))*24)=0,"0",(AY20-AX20+(AY20<AX20))*24),"") -> 0 | BC20: =IFERROR(IF(((BB20-BA20+(BB20<BA20))*24)=0,"0",(BB20-BA20+(BB20<BA20))*24),"") -> 0 | BF20: =IFERROR(IF(((BE20-BD20+(BE20<BD20))*24)=0,"0",(BE20-BD20+(BE20<BD20))*24),"") -> 0 | BI20: =IFERROR(IF(((BH20-BG20+(BH20<BG20))*24)=0,"0",(BH20-BG20+(BH20<BG20))*24),"") -> 0 | BL20: =IFERROR(IF(((BK20-BJ20+(BK20<BJ20))*24)=0,"0",(BK20-BJ20+(BK20<BJ20))*24),"") -> 0 | BO20: =IFERROR(IF(((BN20-BM20+(BN20<BM20))*24)=0,"0",(BN20-BM20+(BN20<BM20))*24),"") -> 0 | BR20: =IFERROR(IF(((BQ20-BP20+(BQ20<BP20))*24)=0,"0",(BQ20-BP20+(BQ20<BP20))*24),"") -> 0 | BU20: =IFERROR(IF(((BT20-BS20+(BT20<BS20))*24)=0,"0",(BT20-BS20+(BT20<BS20))*24),"") -> 0 | BX20: =IFERROR(IF(((BW20-BV20+(BW20<BV20))*24)=0,"0",(BW20-BV20+(BW20<BV20))*24),"") -> 0 | CA20: =IFERROR(IF(((BZ20-BY20+(BZ20<BY20))*24)=0,"0",(BZ20-BY20+(BZ20<BY20))*24),"") -> 0 | CD20: =IFERROR(IF(((CC20-CB20+(CC20<CB20))*24)=0,"0",(CC20-CB20+(CC20<CB20))*24),"") -> 0 | CG20: =IFERROR(IF(((CF20-CE20+(CF20<CE20))*24)=0,"0",(CF20-CE20+(CF20<CE20))*24),"") -> 0 | CJ20: =IFERROR(IF(((CI20-CH20+(CI20<CH20))*24)=0,"0",(CI20-CH20+(CI20<CH20))*24),"") -> 0 | CM20: =IFERROR(IF(((CL20-CK20+(CL20<CK20))*24)=0,"0",(CL20-CK20+(CL20<CK20))*24),"") -> 0 | CP20: =IFERROR(IF(((CO20-CN20+(CO20<CN20))*24)=0,"0",(CO20-CN20+(CO20<CN20))*24),"") -> 0 | CS20: =IFERROR(IF(((CR20-CQ20+(CR20<CQ20))*24)=0,"0",(CR20-CQ20+(CR20<CQ20))*24),"") -> 0 | CV20: =IFERROR(IF(((CU20-CT20+(CU20<CT20))*24)=0,"0",(CU20-CT20+(CU20<CT20))*24),"") -> 0
E21: ='2-2.근무표'!B20 -> 0 | F21: ='2-2.근무표'!C20 -> 선택 | G21: ='2-2.근무표'!D20 -> 0 | J21: =IFERROR(IF(((I21-H21+(I21<H21))*24)=0,"0",(I21-H21+(I21<H21))*24),"") -> 0 | M21: =IFERROR(IF(((L21-K21+(L21<K21))*24)=0,"0",(L21-K21+(L21<K21))*24),"") -> 0 | P21: =IFERROR(IF(((O21-N21+(O21<N21))*24)=0,"0",(O21-N21+(O21<N21))*24),"") -> 0 | S21: =IFERROR(IF(((R21-Q21+(R21<Q21))*24)=0,"0",(R21-Q21+(R21<Q21))*24),"") -> 0 | V21: =IFERROR(IF(((U21-T21+(U21<T21))*24)=0,"0",(U21-T21+(U21<T21))*24),"") -> 0 | Y21: =IFERROR(IF(((X21-W21+(X21<W21))*24)=0,"0",(X21-W21+(X21<W21))*24),"") -> 0 | AB21: =IFERROR(IF(((AA21-Z21+(AA21<Z21))*24)=0,"0",(AA21-Z21+(AA21<Z21))*24),"") -> 0 | AE21: =IFERROR(IF(((AD21-AC21+(AD21<AC21))*24)=0,"0",(AD21-AC21+(AD21<AC21))*24),"") -> 0 | AH21: =IFERROR(IF(((AG21-AF21+(AG21<AF21))*24)=0,"0",(AG21-AF21+(AG21<AF21))*24),"") -> 0 | AK21: =IFERROR(IF(((AJ21-AI21+(AJ21<AI21))*24)=0,"0",(AJ21-AI21+(AJ21<AI21))*24),"") -> 0 | AN21: =IFERROR(IF(((AM21-AL21+(AM21<AL21))*24)=0,"0",(AM21-AL21+(AM21<AL21))*24),"") -> 0 | AQ21: =IFERROR(IF(((AP21-AO21+(AP21<AO21))*24)=0,"0",(AP21-AO21+(AP21<AO21))*24),"") -> 0 | AT21: =IFERROR(IF(((AS21-AR21+(AS21<AR21))*24)=0,"0",(AS21-AR21+(AS21<AR21))*24),"") -> 0 | AW21: =IFERROR(IF(((AV21-AU21+(AV21<AU21))*24)=0,"0",(AV21-AU21+(AV21<AU21))*24),"") -> 0 | AZ21: =IFERROR(IF(((AY21-AX21+(AY21<AX21))*24)=0,"0",(AY21-AX21+(AY21<AX21))*24),"") -> 0 | BC21: =IFERROR(IF(((BB21-BA21+(BB21<BA21))*24)=0,"0",(BB21-BA21+(BB21<BA21))*24),"") -> 0 | BF21: =IFERROR(IF(((BE21-BD21+(BE21<BD21))*24)=0,"0",(BE21-BD21+(BE21<BD21))*24),"") -> 0 | BI21: =IFERROR(IF(((BH21-BG21+(BH21<BG21))*24)=0,"0",(BH21-BG21+(BH21<BG21))*24),"") -> 0 | BL21: =IFERROR(IF(((BK21-BJ21+(BK21<BJ21))*24)=0,"0",(BK21-BJ21+(BK21<BJ21))*24),"") -> 0 | BO21: =IFERROR(IF(((BN21-BM21+(BN21<BM21))*24)=0,"0",(BN21-BM21+(BN21<BM21))*24),"") -> 0 | BR21: =IFERROR(IF(((BQ21-BP21+(BQ21<BP21))*24)=0,"0",(BQ21-BP21+(BQ21<BP21))*24),"") -> 0 | BU21: =IFERROR(IF(((BT21-BS21+(BT21<BS21))*24)=0,"0",(BT21-BS21+(BT21<BS21))*24),"") -> 0 | BX21: =IFERROR(IF(((BW21-BV21+(BW21<BV21))*24)=0,"0",(BW21-BV21+(BW21<BV21))*24),"") -> 0 | CA21: =IFERROR(IF(((BZ21-BY21+(BZ21<BY21))*24)=0,"0",(BZ21-BY21+(BZ21<BY21))*24),"") -> 0 | CD21: =IFERROR(IF(((CC21-CB21+(CC21<CB21))*24)=0,"0",(CC21-CB21+(CC21<CB21))*24),"") -> 0 | CG21: =IFERROR(IF(((CF21-CE21+(CF21<CE21))*24)=0,"0",(CF21-CE21+(CF21<CE21))*24),"") -> 0 | CJ21: =IFERROR(IF(((CI21-CH21+(CI21<CH21))*24)=0,"0",(CI21-CH21+(CI21<CH21))*24),"") -> 0 | CM21: =IFERROR(IF(((CL21-CK21+(CL21<CK21))*24)=0,"0",(CL21-CK21+(CL21<CK21))*24),"") -> 0 | CP21: =IFERROR(IF(((CO21-CN21+(CO21<CN21))*24)=0,"0",(CO21-CN21+(CO21<CN21))*24),"") -> 0 | CS21: =IFERROR(IF(((CR21-CQ21+(CR21<CQ21))*24)=0,"0",(CR21-CQ21+(CR21<CQ21))*24),"") -> 0 | CV21: =IFERROR(IF(((CU21-CT21+(CU21<CT21))*24)=0,"0",(CU21-CT21+(CU21<CT21))*24),"") -> 0
E22: ='2-2.근무표'!B21 -> 0 | F22: ='2-2.근무표'!C21 -> 선택 | G22: ='2-2.근무표'!D21 -> 0 | J22: =IFERROR(IF(((I22-H22+(I22<H22))*24)=0,"0",(I22-H22+(I22<H22))*24),"") -> 0 | M22: =IFERROR(IF(((L22-K22+(L22<K22))*24)=0,"0",(L22-K22+(L22<K22))*24),"") -> 0 | P22: =IFERROR(IF(((O22-N22+(O22<N22))*24)=0,"0",(O22-N22+(O22<N22))*24),"") -> 0 | S22: =IFERROR(IF(((R22-Q22+(R22<Q22))*24)=0,"0",(R22-Q22+(R22<Q22))*24),"") -> 0 | V22: =IFERROR(IF(((U22-T22+(U22<T22))*24)=0,"0",(U22-T22+(U22<T22))*24),"") -> 0 | Y22: =IFERROR(IF(((X22-W22+(X22<W22))*24)=0,"0",(X22-W22+(X22<W22))*24),"") -> 0 | AB22: =IFERROR(IF(((AA22-Z22+(AA22<Z22))*24)=0,"0",(AA22-Z22+(AA22<Z22))*24),"") -> 0 | AE22: =IFERROR(IF(((AD22-AC22+(AD22<AC22))*24)=0,"0",(AD22-AC22+(AD22<AC22))*24),"") -> 0 | AH22: =IFERROR(IF(((AG22-AF22+(AG22<AF22))*24)=0,"0",(AG22-AF22+(AG22<AF22))*24),"") -> 0 | AK22: =IFERROR(IF(((AJ22-AI22+(AJ22<AI22))*24)=0,"0",(AJ22-AI22+(AJ22<AI22))*24),"") -> 0 | AN22: =IFERROR(IF(((AM22-AL22+(AM22<AL22))*24)=0,"0",(AM22-AL22+(AM22<AL22))*24),"") -> 0 | AQ22: =IFERROR(IF(((AP22-AO22+(AP22<AO22))*24)=0,"0",(AP22-AO22+(AP22<AO22))*24),"") -> 0 | AT22: =IFERROR(IF(((AS22-AR22+(AS22<AR22))*24)=0,"0",(AS22-AR22+(AS22<AR22))*24),"") -> 0 | AW22: =IFERROR(IF(((AV22-AU22+(AV22<AU22))*24)=0,"0",(AV22-AU22+(AV22<AU22))*24),"") -> 0 | AZ22: =IFERROR(IF(((AY22-AX22+(AY22<AX22))*24)=0,"0",(AY22-AX22+(AY22<AX22))*24),"") -> 0 | BC22: =IFERROR(IF(((BB22-BA22+(BB22<BA22))*24)=0,"0",(BB22-BA22+(BB22<BA22))*24),"") -> 0 | BF22: =IFERROR(IF(((BE22-BD22+(BE22<BD22))*24)=0,"0",(BE22-BD22+(BE22<BD22))*24),"") -> 0 | BI22: =IFERROR(IF(((BH22-BG22+(BH22<BG22))*24)=0,"0",(BH22-BG22+(BH22<BG22))*24),"") -> 0 | BL22: =IFERROR(IF(((BK22-BJ22+(BK22<BJ22))*24)=0,"0",(BK22-BJ22+(BK22<BJ22))*24),"") -> 0 | BO22: =IFERROR(IF(((BN22-BM22+(BN22<BM22))*24)=0,"0",(BN22-BM22+(BN22<BM22))*24),"") -> 0 | BR22: =IFERROR(IF(((BQ22-BP22+(BQ22<BP22))*24)=0,"0",(BQ22-BP22+(BQ22<BP22))*24),"") -> 0 | BU22: =IFERROR(IF(((BT22-BS22+(BT22<BS22))*24)=0,"0",(BT22-BS22+(BT22<BS22))*24),"") -> 0 | BX22: =IFERROR(IF(((BW22-BV22+(BW22<BV22))*24)=0,"0",(BW22-BV22+(BW22<BV22))*24),"") -> 0 | CA22: =IFERROR(IF(((BZ22-BY22+(BZ22<BY22))*24)=0,"0",(BZ22-BY22+(BZ22<BY22))*24),"") -> 0 | CD22: =IFERROR(IF(((CC22-CB22+(CC22<CB22))*24)=0,"0",(CC22-CB22+(CC22<CB22))*24),"") -> 0 | CG22: =IFERROR(IF(((CF22-CE22+(CF22<CE22))*24)=0,"0",(CF22-CE22+(CF22<CE22))*24),"") -> 0 | CJ22: =IFERROR(IF(((CI22-CH22+(CI22<CH22))*24)=0,"0",(CI22-CH22+(CI22<CH22))*24),"") -> 0 | CM22: =IFERROR(IF(((CL22-CK22+(CL22<CK22))*24)=0,"0",(CL22-CK22+(CL22<CK22))*24),"") -> 0 | CP22: =IFERROR(IF(((CO22-CN22+(CO22<CN22))*24)=0,"0",(CO22-CN22+(CO22<CN22))*24),"") -> 0 | CS22: =IFERROR(IF(((CR22-CQ22+(CR22<CQ22))*24)=0,"0",(CR22-CQ22+(CR22<CQ22))*24),"") -> 0 | CV22: =IFERROR(IF(((CU22-CT22+(CU22<CT22))*24)=0,"0",(CU22-CT22+(CU22<CT22))*24),"") -> 0
E23: ='2-2.근무표'!B22 -> 0 | F23: ='2-2.근무표'!C22 -> 선택 | G23: ='2-2.근무표'!D22 -> 0 | J23: =IFERROR(IF(((I23-H23+(I23<H23))*24)=0,"0",(I23-H23+(I23<H23))*24),"") -> 0 | M23: =IFERROR(IF(((L23-K23+(L23<K23))*24)=0,"0",(L23-K23+(L23<K23))*24),"") -> 0 | P23: =IFERROR(IF(((O23-N23+(O23<N23))*24)=0,"0",(O23-N23+(O23<N23))*24),"") -> 0 | S23: =IFERROR(IF(((R23-Q23+(R23<Q23))*24)=0,"0",(R23-Q23+(R23<Q23))*24),"") -> 0 | V23: =IFERROR(IF(((U23-T23+(U23<T23))*24)=0,"0",(U23-T23+(U23<T23))*24),"") -> 0 | Y23: =IFERROR(IF(((X23-W23+(X23<W23))*24)=0,"0",(X23-W23+(X23<W23))*24),"") -> 0 | AB23: =IFERROR(IF(((AA23-Z23+(AA23<Z23))*24)=0,"0",(AA23-Z23+(AA23<Z23))*24),"") -> 0 | AE23: =IFERROR(IF(((AD23-AC23+(AD23<AC23))*24)=0,"0",(AD23-AC23+(AD23<AC23))*24),"") -> 0 | AH23: =IFERROR(IF(((AG23-AF23+(AG23<AF23))*24)=0,"0",(AG23-AF23+(AG23<AF23))*24),"") -> 0 | AK23: =IFERROR(IF(((AJ23-AI23+(AJ23<AI23))*24)=0,"0",(AJ23-AI23+(AJ23<AI23))*24),"") -> 0 | AN23: =IFERROR(IF(((AM23-AL23+(AM23<AL23))*24)=0,"0",(AM23-AL23+(AM23<AL23))*24),"") -> 0 | AQ23: =IFERROR(IF(((AP23-AO23+(AP23<AO23))*24)=0,"0",(AP23-AO23+(AP23<AO23))*24),"") -> 0 | AT23: =IFERROR(IF(((AS23-AR23+(AS23<AR23))*24)=0,"0",(AS23-AR23+(AS23<AR23))*24),"") -> 0 | AW23: =IFERROR(IF(((AV23-AU23+(AV23<AU23))*24)=0,"0",(AV23-AU23+(AV23<AU23))*24),"") -> 0 | AZ23: =IFERROR(IF(((AY23-AX23+(AY23<AX23))*24)=0,"0",(AY23-AX23+(AY23<AX23))*24),"") -> 0 | BC23: =IFERROR(IF(((BB23-BA23+(BB23<BA23))*24)=0,"0",(BB23-BA23+(BB23<BA23))*24),"") -> 0 | BF23: =IFERROR(IF(((BE23-BD23+(BE23<BD23))*24)=0,"0",(BE23-BD23+(BE23<BD23))*24),"") -> 0 | BI23: =IFERROR(IF(((BH23-BG23+(BH23<BG23))*24)=0,"0",(BH23-BG23+(BH23<BG23))*24),"") -> 0 | BL23: =IFERROR(IF(((BK23-BJ23+(BK23<BJ23))*24)=0,"0",(BK23-BJ23+(BK23<BJ23))*24),"") -> 0 | BO23: =IFERROR(IF(((BN23-BM23+(BN23<BM23))*24)=0,"0",(BN23-BM23+(BN23<BM23))*24),"") -> 0 | BR23: =IFERROR(IF(((BQ23-BP23+(BQ23<BP23))*24)=0,"0",(BQ23-BP23+(BQ23<BP23))*24),"") -> 0 | BU23: =IFERROR(IF(((BT23-BS23+(BT23<BS23))*24)=0,"0",(BT23-BS23+(BT23<BS23))*24),"") -> 0 | BX23: =IFERROR(IF(((BW23-BV23+(BW23<BV23))*24)=0,"0",(BW23-BV23+(BW23<BV23))*24),"") -> 0 | CA23: =IFERROR(IF(((BZ23-BY23+(BZ23<BY23))*24)=0,"0",(BZ23-BY23+(BZ23<BY23))*24),"") -> 0 | CD23: =IFERROR(IF(((CC23-CB23+(CC23<CB23))*24)=0,"0",(CC23-CB23+(CC23<CB23))*24),"") -> 0 | CG23: =IFERROR(IF(((CF23-CE23+(CF23<CE23))*24)=0,"0",(CF23-CE23+(CF23<CE23))*24),"") -> 0 | CJ23: =IFERROR(IF(((CI23-CH23+(CI23<CH23))*24)=0,"0",(CI23-CH23+(CI23<CH23))*24),"") -> 0 | CM23: =IFERROR(IF(((CL23-CK23+(CL23<CK23))*24)=0,"0",(CL23-CK23+(CL23<CK23))*24),"") -> 0 | CP23: =IFERROR(IF(((CO23-CN23+(CO23<CN23))*24)=0,"0",(CO23-CN23+(CO23<CN23))*24),"") -> 0 | CS23: =IFERROR(IF(((CR23-CQ23+(CR23<CQ23))*24)=0,"0",(CR23-CQ23+(CR23<CQ23))*24),"") -> 0 | CV23: =IFERROR(IF(((CU23-CT23+(CU23<CT23))*24)=0,"0",(CU23-CT23+(CU23<CT23))*24),"") -> 0
E24: ='2-2.근무표'!B23 -> 0 | F24: ='2-2.근무표'!C23 -> 선택 | G24: ='2-2.근무표'!D23 -> 0 | J24: =IFERROR(IF(((I24-H24+(I24<H24))*24)=0,"0",(I24-H24+(I24<H24))*24),"") -> 0 | M24: =IFERROR(IF(((L24-K24+(L24<K24))*24)=0,"0",(L24-K24+(L24<K24))*24),"") -> 0 | P24: =IFERROR(IF(((O24-N24+(O24<N24))*24)=0,"0",(O24-N24+(O24<N24))*24),"") -> 0 | S24: =IFERROR(IF(((R24-Q24+(R24<Q24))*24)=0,"0",(R24-Q24+(R24<Q24))*24),"") -> 0 | V24: =IFERROR(IF(((U24-T24+(U24<T24))*24)=0,"0",(U24-T24+(U24<T24))*24),"") -> 0 | Y24: =IFERROR(IF(((X24-W24+(X24<W24))*24)=0,"0",(X24-W24+(X24<W24))*24),"") -> 0 | AB24: =IFERROR(IF(((AA24-Z24+(AA24<Z24))*24)=0,"0",(AA24-Z24+(AA24<Z24))*24),"") -> 0 | AE24: =IFERROR(IF(((AD24-AC24+(AD24<AC24))*24)=0,"0",(AD24-AC24+(AD24<AC24))*24),"") -> 0 | AH24: =IFERROR(IF(((AG24-AF24+(AG24<AF24))*24)=0,"0",(AG24-AF24+(AG24<AF24))*24),"") -> 0 | AK24: =IFERROR(IF(((AJ24-AI24+(AJ24<AI24))*24)=0,"0",(AJ24-AI24+(AJ24<AI24))*24),"") -> 0 | AN24: =IFERROR(IF(((AM24-AL24+(AM24<AL24))*24)=0,"0",(AM24-AL24+(AM24<AL24))*24),"") -> 0 | AQ24: =IFERROR(IF(((AP24-AO24+(AP24<AO24))*24)=0,"0",(AP24-AO24+(AP24<AO24))*24),"") -> 0 | AT24: =IFERROR(IF(((AS24-AR24+(AS24<AR24))*24)=0,"0",(AS24-AR24+(AS24<AR24))*24),"") -> 0 | AW24: =IFERROR(IF(((AV24-AU24+(AV24<AU24))*24)=0,"0",(AV24-AU24+(AV24<AU24))*24),"") -> 0 | AZ24: =IFERROR(IF(((AY24-AX24+(AY24<AX24))*24)=0,"0",(AY24-AX24+(AY24<AX24))*24),"") -> 0 | BC24: =IFERROR(IF(((BB24-BA24+(BB24<BA24))*24)=0,"0",(BB24-BA24+(BB24<BA24))*24),"") -> 0 | BF24: =IFERROR(IF(((BE24-BD24+(BE24<BD24))*24)=0,"0",(BE24-BD24+(BE24<BD24))*24),"") -> 0 | BI24: =IFERROR(IF(((BH24-BG24+(BH24<BG24))*24)=0,"0",(BH24-BG24+(BH24<BG24))*24),"") -> 0 | BL24: =IFERROR(IF(((BK24-BJ24+(BK24<BJ24))*24)=0,"0",(BK24-BJ24+(BK24<BJ24))*24),"") -> 0 | BO24: =IFERROR(IF(((BN24-BM24+(BN24<BM24))*24)=0,"0",(BN24-BM24+(BN24<BM24))*24),"") -> 0 | BR24: =IFERROR(IF(((BQ24-BP24+(BQ24<BP24))*24)=0,"0",(BQ24-BP24+(BQ24<BP24))*24),"") -> 0 | BU24: =IFERROR(IF(((BT24-BS24+(BT24<BS24))*24)=0,"0",(BT24-BS24+(BT24<BS24))*24),"") -> 0 | BX24: =IFERROR(IF(((BW24-BV24+(BW24<BV24))*24)=0,"0",(BW24-BV24+(BW24<BV24))*24),"") -> 0 | CA24: =IFERROR(IF(((BZ24-BY24+(BZ24<BY24))*24)=0,"0",(BZ24-BY24+(BZ24<BY24))*24),"") -> 0 | CD24: =IFERROR(IF(((CC24-CB24+(CC24<CB24))*24)=0,"0",(CC24-CB24+(CC24<CB24))*24),"") -> 0 | CG24: =IFERROR(IF(((CF24-CE24+(CF24<CE24))*24)=0,"0",(CF24-CE24+(CF24<CE24))*24),"") -> 0 | CJ24: =IFERROR(IF(((CI24-CH24+(CI24<CH24))*24)=0,"0",(CI24-CH24+(CI24<CH24))*24),"") -> 0 | CM24: =IFERROR(IF(((CL24-CK24+(CL24<CK24))*24)=0,"0",(CL24-CK24+(CL24<CK24))*24),"") -> 0 | CP24: =IFERROR(IF(((CO24-CN24+(CO24<CN24))*24)=0,"0",(CO24-CN24+(CO24<CN24))*24),"") -> 0 | CS24: =IFERROR(IF(((CR24-CQ24+(CR24<CQ24))*24)=0,"0",(CR24-CQ24+(CR24<CQ24))*24),"") -> 0 | CV24: =IFERROR(IF(((CU24-CT24+(CU24<CT24))*24)=0,"0",(CU24-CT24+(CU24<CT24))*24),"") -> 0
E25: ='2-2.근무표'!B24 -> 0 | F25: ='2-2.근무표'!C24 -> 선택 | G25: ='2-2.근무표'!D24 -> 0 | J25: =IFERROR(IF(((I25-H25+(I25<H25))*24)=0,"0",(I25-H25+(I25<H25))*24),"") -> 0 | M25: =IFERROR(IF(((L25-K25+(L25<K25))*24)=0,"0",(L25-K25+(L25<K25))*24),"") -> 0 | P25: =IFERROR(IF(((O25-N25+(O25<N25))*24)=0,"0",(O25-N25+(O25<N25))*24),"") -> 0 | S25: =IFERROR(IF(((R25-Q25+(R25<Q25))*24)=0,"0",(R25-Q25+(R25<Q25))*24),"") -> 0 | V25: =IFERROR(IF(((U25-T25+(U25<T25))*24)=0,"0",(U25-T25+(U25<T25))*24),"") -> 0 | Y25: =IFERROR(IF(((X25-W25+(X25<W25))*24)=0,"0",(X25-W25+(X25<W25))*24),"") -> 0 | AB25: =IFERROR(IF(((AA25-Z25+(AA25<Z25))*24)=0,"0",(AA25-Z25+(AA25<Z25))*24),"") -> 0 | AE25: =IFERROR(IF(((AD25-AC25+(AD25<AC25))*24)=0,"0",(AD25-AC25+(AD25<AC25))*24),"") -> 0 | AH25: =IFERROR(IF(((AG25-AF25+(AG25<AF25))*24)=0,"0",(AG25-AF25+(AG25<AF25))*24),"") -> 0 | AK25: =IFERROR(IF(((AJ25-AI25+(AJ25<AI25))*24)=0,"0",(AJ25-AI25+(AJ25<AI25))*24),"") -> 0 | AN25: =IFERROR(IF(((AM25-AL25+(AM25<AL25))*24)=0,"0",(AM25-AL25+(AM25<AL25))*24),"") -> 0 | AQ25: =IFERROR(IF(((AP25-AO25+(AP25<AO25))*24)=0,"0",(AP25-AO25+(AP25<AO25))*24),"") -> 0 | AT25: =IFERROR(IF(((AS25-AR25+(AS25<AR25))*24)=0,"0",(AS25-AR25+(AS25<AR25))*24),"") -> 0 | AW25: =IFERROR(IF(((AV25-AU25+(AV25<AU25))*24)=0,"0",(AV25-AU25+(AV25<AU25))*24),"") -> 0 | AZ25: =IFERROR(IF(((AY25-AX25+(AY25<AX25))*24)=0,"0",(AY25-AX25+(AY25<AX25))*24),"") -> 0 | BC25: =IFERROR(IF(((BB25-BA25+(BB25<BA25))*24)=0,"0",(BB25-BA25+(BB25<BA25))*24),"") -> 0 | BF25: =IFERROR(IF(((BE25-BD25+(BE25<BD25))*24)=0,"0",(BE25-BD25+(BE25<BD25))*24),"") -> 0 | BI25: =IFERROR(IF(((BH25-BG25+(BH25<BG25))*24)=0,"0",(BH25-BG25+(BH25<BG25))*24),"") -> 0 | BL25: =IFERROR(IF(((BK25-BJ25+(BK25<BJ25))*24)=0,"0",(BK25-BJ25+(BK25<BJ25))*24),"") -> 0 | BO25: =IFERROR(IF(((BN25-BM25+(BN25<BM25))*24)=0,"0",(BN25-BM25+(BN25<BM25))*24),"") -> 0 | BR25: =IFERROR(IF(((BQ25-BP25+(BQ25<BP25))*24)=0,"0",(BQ25-BP25+(BQ25<BP25))*24),"") -> 0 | BU25: =IFERROR(IF(((BT25-BS25+(BT25<BS25))*24)=0,"0",(BT25-BS25+(BT25<BS25))*24),"") -> 0 | BX25: =IFERROR(IF(((BW25-BV25+(BW25<BV25))*24)=0,"0",(BW25-BV25+(BW25<BV25))*24),"") -> 0 | CA25: =IFERROR(IF(((BZ25-BY25+(BZ25<BY25))*24)=0,"0",(BZ25-BY25+(BZ25<BY25))*24),"") -> 0 | CD25: =IFERROR(IF(((CC25-CB25+(CC25<CB25))*24)=0,"0",(CC25-CB25+(CC25<CB25))*24),"") -> 0 | CG25: =IFERROR(IF(((CF25-CE25+(CF25<CE25))*24)=0,"0",(CF25-CE25+(CF25<CE25))*24),"") -> 0 | CJ25: =IFERROR(IF(((CI25-CH25+(CI25<CH25))*24)=0,"0",(CI25-CH25+(CI25<CH25))*24),"") -> 0 | CM25: =IFERROR(IF(((CL25-CK25+(CL25<CK25))*24)=0,"0",(CL25-CK25+(CL25<CK25))*24),"") -> 0 | CP25: =IFERROR(IF(((CO25-CN25+(CO25<CN25))*24)=0,"0",(CO25-CN25+(CO25<CN25))*24),"") -> 0 | CS25: =IFERROR(IF(((CR25-CQ25+(CR25<CQ25))*24)=0,"0",(CR25-CQ25+(CR25<CQ25))*24),"") -> 0 | CV25: =IFERROR(IF(((CU25-CT25+(CU25<CT25))*24)=0,"0",(CU25-CT25+(CU25<CT25))*24),"") -> 0
E26: ='2-2.근무표'!B25 -> 0 | F26: ='2-2.근무표'!C25 -> 선택 | G26: ='2-2.근무표'!D25 -> 0 | J26: =IFERROR(IF(((I26-H26+(I26<H26))*24)=0,"0",(I26-H26+(I26<H26))*24),"") -> 0 | M26: =IFERROR(IF(((L26-K26+(L26<K26))*24)=0,"0",(L26-K26+(L26<K26))*24),"") -> 0 | P26: =IFERROR(IF(((O26-N26+(O26<N26))*24)=0,"0",(O26-N26+(O26<N26))*24),"") -> 0 | S26: =IFERROR(IF(((R26-Q26+(R26<Q26))*24)=0,"0",(R26-Q26+(R26<Q26))*24),"") -> 0 | V26: =IFERROR(IF(((U26-T26+(U26<T26))*24)=0,"0",(U26-T26+(U26<T26))*24),"") -> 0 | Y26: =IFERROR(IF(((X26-W26+(X26<W26))*24)=0,"0",(X26-W26+(X26<W26))*24),"") -> 0 | AB26: =IFERROR(IF(((AA26-Z26+(AA26<Z26))*24)=0,"0",(AA26-Z26+(AA26<Z26))*24),"") -> 0 | AE26: =IFERROR(IF(((AD26-AC26+(AD26<AC26))*24)=0,"0",(AD26-AC26+(AD26<AC26))*24),"") -> 0 | AH26: =IFERROR(IF(((AG26-AF26+(AG26<AF26))*24)=0,"0",(AG26-AF26+(AG26<AF26))*24),"") -> 0 | AK26: =IFERROR(IF(((AJ26-AI26+(AJ26<AI26))*24)=0,"0",(AJ26-AI26+(AJ26<AI26))*24),"") -> 0 | AN26: =IFERROR(IF(((AM26-AL26+(AM26<AL26))*24)=0,"0",(AM26-AL26+(AM26<AL26))*24),"") -> 0 | AQ26: =IFERROR(IF(((AP26-AO26+(AP26<AO26))*24)=0,"0",(AP26-AO26+(AP26<AO26))*24),"") -> 0 | AT26: =IFERROR(IF(((AS26-AR26+(AS26<AR26))*24)=0,"0",(AS26-AR26+(AS26<AR26))*24),"") -> 0 | AW26: =IFERROR(IF(((AV26-AU26+(AV26<AU26))*24)=0,"0",(AV26-AU26+(AV26<AU26))*24),"") -> 0 | AZ26: =IFERROR(IF(((AY26-AX26+(AY26<AX26))*24)=0,"0",(AY26-AX26+(AY26<AX26))*24),"") -> 0 | BC26: =IFERROR(IF(((BB26-BA26+(BB26<BA26))*24)=0,"0",(BB26-BA26+(BB26<BA26))*24),"") -> 0 | BF26: =IFERROR(IF(((BE26-BD26+(BE26<BD26))*24)=0,"0",(BE26-BD26+(BE26<BD26))*24),"") -> 0 | BI26: =IFERROR(IF(((BH26-BG26+(BH26<BG26))*24)=0,"0",(BH26-BG26+(BH26<BG26))*24),"") -> 0 | BL26: =IFERROR(IF(((BK26-BJ26+(BK26<BJ26))*24)=0,"0",(BK26-BJ26+(BK26<BJ26))*24),"") -> 0 | BO26: =IFERROR(IF(((BN26-BM26+(BN26<BM26))*24)=0,"0",(BN26-BM26+(BN26<BM26))*24),"") -> 0 | BR26: =IFERROR(IF(((BQ26-BP26+(BQ26<BP26))*24)=0,"0",(BQ26-BP26+(BQ26<BP26))*24),"") -> 0 | BU26: =IFERROR(IF(((BT26-BS26+(BT26<BS26))*24)=0,"0",(BT26-BS26+(BT26<BS26))*24),"") -> 0 | BX26: =IFERROR(IF(((BW26-BV26+(BW26<BV26))*24)=0,"0",(BW26-BV26+(BW26<BV26))*24),"") -> 0 | CA26: =IFERROR(IF(((BZ26-BY26+(BZ26<BY26))*24)=0,"0",(BZ26-BY26+(BZ26<BY26))*24),"") -> 0 | CD26: =IFERROR(IF(((CC26-CB26+(CC26<CB26))*24)=0,"0",(CC26-CB26+(CC26<CB26))*24),"") -> 0 | CG26: =IFERROR(IF(((CF26-CE26+(CF26<CE26))*24)=0,"0",(CF26-CE26+(CF26<CE26))*24),"") -> 0 | CJ26: =IFERROR(IF(((CI26-CH26+(CI26<CH26))*24)=0,"0",(CI26-CH26+(CI26<CH26))*24),"") -> 0 | CM26: =IFERROR(IF(((CL26-CK26+(CL26<CK26))*24)=0,"0",(CL26-CK26+(CL26<CK26))*24),"") -> 0 | CP26: =IFERROR(IF(((CO26-CN26+(CO26<CN26))*24)=0,"0",(CO26-CN26+(CO26<CN26))*24),"") -> 0 | CS26: =IFERROR(IF(((CR26-CQ26+(CR26<CQ26))*24)=0,"0",(CR26-CQ26+(CR26<CQ26))*24),"") -> 0 | CV26: =IFERROR(IF(((CU26-CT26+(CU26<CT26))*24)=0,"0",(CU26-CT26+(CU26<CT26))*24),"") -> 0
E27: 총 근로자 | H27: =COUNTA(H7:H26) -> 0 | K27: =COUNTA(K7:K26) -> 0 | N27: =COUNTA(N7:N26) -> 0 | Q27: =COUNTA(Q7:Q26) -> 0 | T27: =COUNTA(T7:T26) -> 0 | W27: =COUNTA(W7:W26) -> 0 | Z27: =COUNTA(Z7:Z26) -> 0 | AC27: =COUNTA(AC7:AC26) -> 0 | AF27: =COUNTA(AF7:AF26) -> 0 | AI27: =COUNTA(AI7:AI26) -> 0 | AL27: =COUNTA(AL7:AL26) -> 0 | AO27: =COUNTA(AO7:AO26) -> 0 | AR27: =COUNTA(AR7:AR26) -> 0 | AU27: =COUNTA(AU7:AU26) -> 0 | AX27: =COUNTA(AX7:AX26) -> 0 | BA27: =COUNTA(BA7:BA26) -> 0 | BD27: =COUNTA(BD7:BD26) -> 0 | BG27: =COUNTA(BG7:BG26) -> 0 | BJ27: =COUNTA(BJ7:BJ26) -> 0 | BM27: =COUNTA(BM7:BM26) -> 0 | BP27: =COUNTA(BP7:BP26) -> 0 | BS27: =COUNTA(BS7:BS26) -> 0 | BV27: =COUNTA(BV7:BV26) -> 0 | BY27: =COUNTA(BY7:BY26) -> 0 | CB27: =COUNTA(CB7:CB26) -> 0 | CE27: =COUNTA(CE7:CE26) -> 0 | CH27: =COUNTA(CH8:CH26) -> 0 | CK27: =COUNTA(CK7:CK26) -> 0 | CN27: =COUNTA(CN7:CN26) -> 0 | CQ27: =COUNTA(CQ7:CQ26) -> 0 | CT27: =COUNTA(CT7:CT26) -> 0
E29: ② 알바 스케쥴현황
E30: 이름 | F30: 파트 (홀/주방) | G30: 직급 | H30: =H5 -> 1 | K30: =K5 -> 2 | N30: =N5 -> 3 | Q30: =Q5 -> 4 | T30: =T5 -> 5 | W30: =W5 -> 6 | Z30: =Z5 -> 7 | AC30: =AC5 -> 8 | AF30: =AF5 -> 9 | AI30: =AI5 -> 10 | AL30: =AL5 -> 11 | AO30: =AO5 -> 12 | AR30: =AR5 -> 13 | AU30: =AU5 -> 14 | AX30: =AX5 -> 15 | BA30: =BA5 -> 16 | BD30: =BD5 -> 17 | BG30: =BG5 -> 18 | BJ30: =BJ5 -> 19 | BM30: =BM5 -> 20 | BP30: =BP5 -> 21 | BS30: =BS5 -> 22 | BV30: =BV5 -> 23 | BY30: =BY5 -> 24 | CB30: =CB5 -> 25 | CE30: =CE5 -> 26 | CH30: =CH5 -> 27 | CK30: =CK5 -> 28 | CN30: =CN5 -> 29 | CQ30: =CQ5 -> 30 | CT30: =CT5 -> 31
H31: 출근 | I31: 퇴근 | J31: 근무시간 | K31: 출근 | L31: 퇴근 | M31: 근무시간 | N31: 출근 | O31: 퇴근 | P31: 근무시간 | Q31: 출근 | R31: 퇴근 | S31: 근무시간 | T31: 출근 | U31: 퇴근 | V31: 근무시간 | W31: 출근 | X31: 퇴근 | Y31: 근무시간 | Z31: 출근 | AA31: 퇴근 | AB31: 근무시간 | AC31: 출근 | AD31: 퇴근 | AE31: 근무시간 | AF31: 출근 | AG31: 퇴근 | AH31: 근무시간 | AI31: 출근 | AJ31: 퇴근 | AK31: 근무시간 | AL31: 출근 | AM31: 퇴근 | AN31: 근무시간 | AO31: 출근 | AP31: 퇴근 | AQ31: 근무시간 | AR31: 출근 | AS31: 퇴근 | AT31: 근무시간 | AU31: 출근 | AV31: 퇴근 | AW31: 근무시간 | AX31: 출근 | AY31: 퇴근 | AZ31: 근무시간 | BA31: 출근 | BB31: 퇴근 | BC31: 근무시간 | BD31: 출근 | BE31: 퇴근 | BF31: 근무시간 | BG31: 출근 | BH31: 퇴근 | BI31: 근무시간 | BJ31: 출근 | BK31: 퇴근 | BL31: 근무시간 | BM31: 출근 | BN31: 퇴근 | BO31: 근무시간 | BP31: 출근 | BQ31: 퇴근 | BR31: 근무시간 | BS31: 출근 | BT31: 퇴근 | BU31: 근무시간 | BV31: 출근 | BW31: 퇴근 | BX31: 근무시간 | BY31: 출근 | BZ31: 퇴근 | CA31: 근무시간 | CB31: 출근 | CC31: 퇴근 | CD31: 근무시간 | CE31: 출근 | CF31: 퇴근 | CG31: 근무시간 | CH31: 출근 | CI31: 퇴근 | CJ31: 근무시간 | CK31: 출근 | CL31: 퇴근 | CM31: 근무시간 | CN31: 출근 | CO31: 퇴근 | CP31: 근무시간 | CQ31: 출근 | CR31: 퇴근 | CS31: 근무시간 | CT31: 출근 | CU31: 퇴근 | CV31: 근무시간
E32: ='2-2.근무표'!B31 -> 최은태 | F32: ='2-1.직원현황'!D31 -> 주방 | G32: ='2-1.직원현황'!E31 -> 파트타임 | J32: =IFERROR(IF(((I32-H32+(I32<H32))*24)=0,"0",(I32-H32+(I32<H32))*24),"") -> 0 | M32: =IFERROR(IF(((L32-K32+(L32<K32))*24)=0,"0",(L32-K32+(L32<K32))*24),"") -> 0 | P32: =IFERROR(IF(((O32-N32+(O32<N32))*24)=0,"0",(O32-N32+(O32<N32))*24),"") -> 0 | S32: =IFERROR(IF(((R32-Q32+(R32<Q32))*24)=0,"0",(R32-Q32+(R32<Q32))*24),"") -> 0 | V32: =IFERROR(IF(((U32-T32+(U32<T32))*24)=0,"0",(U32-T32+(U32<T32))*24),"") -> 0 | Y32: =IFERROR(IF(((X32-W32+(X32<W32))*24)=0,"0",(X32-W32+(X32<W32))*24),"") -> 0 | AB32: =IFERROR(IF(((AA32-Z32+(AA32<Z32))*24)=0,"0",(AA32-Z32+(AA32<Z32))*24),"") -> 0 | AE32: =IFERROR(IF(((AD32-AC32+(AD32<AC32))*24)=0,"0",(AD32-AC32+(AD32<AC32))*24),"") -> 0 | AH32: =IFERROR(IF(((AG32-AF32+(AG32<AF32))*24)=0,"0",(AG32-AF32+(AG32<AF32))*24),"") -> 0 | AK32: =IFERROR(IF(((AJ32-AI32+(AJ32<AI32))*24)=0,"0",(AJ32-AI32+(AJ32<AI32))*24),"") -> 0 | AN32: =IFERROR(IF(((AM32-AL32+(AM32<AL32))*24)=0,"0",(AM32-AL32+(AM32<AL32))*24),"") -> 0 | AQ32: =IFERROR(IF(((AP32-AO32+(AP32<AO32))*24)=0,"0",(AP32-AO32+(AP32<AO32))*24),"") -> 0 | AT32: =IFERROR(IF(((AS32-AR32+(AS32<AR32))*24)=0,"0",(AS32-AR32+(AS32<AR32))*24),"") -> 0 | AW32: =IFERROR(IF(((AV32-AU32+(AV32<AU32))*24)=0,"0",(AV32-AU32+(AV32<AU32))*24),"") -> 0 | AZ32: =IFERROR(IF(((AY32-AX32+(AY32<AX32))*24)=0,"0",(AY32-AX32+(AY32<AX32))*24),"") -> 0 | BC32: =IFERROR(IF(((BB32-BA32+(BB32<BA32))*24)=0,"0",(BB32-BA32+(BB32<BA32))*24),"") -> 0 | BF32: =IFERROR(IF(((BE32-BD32+(BE32<BD32))*24)=0,"0",(BE32-BD32+(BE32<BD32))*24),"") -> 0 | BI32: =IFERROR(IF(((BH32-BG32+(BH32<BG32))*24)=0,"0",(BH32-BG32+(BH32<BG32))*24),"") -> 0 | BL32: =IFERROR(IF(((BK32-BJ32+(BK32<BJ32))*24)=0,"0",(BK32-BJ32+(BK32<BJ32))*24),"") -> 0 | BO32: =IFERROR(IF(((BN32-BM32+(BN32<BM32))*24)=0,"0",(BN32-BM32+(BN32<BM32))*24),"") -> 0 | BR32: =IFERROR(IF(((BQ32-BP32+(BQ32<BP32))*24)=0,"0",(BQ32-BP32+(BQ32<BP32))*24),"") -> 0 | BU32: =IFERROR(IF(((BT32-BS32+(BT32<BS32))*24)=0,"0",(BT32-BS32+(BT32<BS32))*24),"") -> 0 | BX32: =IFERROR(IF(((BW32-BV32+(BW32<BV32))*24)=0,"0",(BW32-BV32+(BW32<BV32))*24),"") -> 0 | CA32: =IFERROR(IF(((BZ32-BY32+(BZ32<BY32))*24)=0,"0",(BZ32-BY32+(BZ32<BY32))*24),"") -> 0 | CD32: =IFERROR(IF(((CC32-CB32+(CC32<CB32))*24)=0,"0",(CC32-CB32+(CC32<CB32))*24),"") -> 0 | CG32: =IFERROR(IF(((CF32-CE32+(CF32<CE32))*24)=0,"0",(CF32-CE32+(CF32<CE32))*24),"") -> 0 | CJ32: =IFERROR(IF(((CI32-CH32+(CI32<CH32))*24)=0,"0",(CI32-CH32+(CI32<CH32))*24),"") -> 0 | CM32: =IFERROR(IF(((CL32-CK32+(CL32<CK32))*24)=0,"0",(CL32-CK32+(CL32<CK32))*24),"") -> 0 | CP32: =IFERROR(IF(((CO32-CN32+(CO32<CN32))*24)=0,"0",(CO32-CN32+(CO32<CN32))*24),"") -> 0 | CS32: =IFERROR(IF(((CR32-CQ32+(CR32<CQ32))*24)=0,"0",(CR32-CQ32+(CR32<CQ32))*24),"") -> 0 | CV32: =IFERROR(IF(((CU32-CT32+(CU32<CT32))*24)=0,"0",(CU32-CT32+(CU32<CT32))*24),"") -> 0
E33: ='2-2.근무표'!B32 -> 이서문 | F33: ='2-1.직원현황'!D32 -> 선택 | G33: ='2-1.직원현황'!E32 -> 파트타임 | J33: =IFERROR(IF(((I33-H33+(I33<H33))*24)=0,"0",(I33-H33+(I33<H33))*24),"") -> 0 | M33: =IFERROR(IF(((L33-K33+(L33<K33))*24)=0,"0",(L33-K33+(L33<K33))*24),"") -> 0 | P33: =IFERROR(IF(((O33-N33+(O33<N33))*24)=0,"0",(O33-N33+(O33<N33))*24),"") -> 0 | S33: =IFERROR(IF(((R33-Q33+(R33<Q33))*24)=0,"0",(R33-Q33+(R33<Q33))*24),"") -> 0 | V33: =IFERROR(IF(((U33-T33+(U33<T33))*24)=0,"0",(U33-T33+(U33<T33))*24),"") -> 0 | Y33: =IFERROR(IF(((X33-W33+(X33<W33))*24)=0,"0",(X33-W33+(X33<W33))*24),"") -> 0 | AB33: =IFERROR(IF(((AA33-Z33+(AA33<Z33))*24)=0,"0",(AA33-Z33+(AA33<Z33))*24),"") -> 0 | AE33: =IFERROR(IF(((AD33-AC33+(AD33<AC33))*24)=0,"0",(AD33-AC33+(AD33<AC33))*24),"") -> 0 | AH33: =IFERROR(IF(((AG33-AF33+(AG33<AF33))*24)=0,"0",(AG33-AF33+(AG33<AF33))*24),"") -> 0 | AK33: =IFERROR(IF(((AJ33-AI33+(AJ33<AI33))*24)=0,"0",(AJ33-AI33+(AJ33<AI33))*24),"") -> 0 | AN33: =IFERROR(IF(((AM33-AL33+(AM33<AL33))*24)=0,"0",(AM33-AL33+(AM33<AL33))*24),"") -> 0 | AQ33: =IFERROR(IF(((AP33-AO33+(AP33<AO33))*24)=0,"0",(AP33-AO33+(AP33<AO33))*24),"") -> 0 | AT33: =IFERROR(IF(((AS33-AR33+(AS33<AR33))*24)=0,"0",(AS33-AR33+(AS33<AR33))*24),"") -> 0 | AW33: =IFERROR(IF(((AV33-AU33+(AV33<AU33))*24)=0,"0",(AV33-AU33+(AV33<AU33))*24),"") -> 0 | AZ33: =IFERROR(IF(((AY33-AX33+(AY33<AX33))*24)=0,"0",(AY33-AX33+(AY33<AX33))*24),"") -> 0 | BC33: =IFERROR(IF(((BB33-BA33+(BB33<BA33))*24)=0,"0",(BB33-BA33+(BB33<BA33))*24),"") -> 0 | BF33: =IFERROR(IF(((BE33-BD33+(BE33<BD33))*24)=0,"0",(BE33-BD33+(BE33<BD33))*24),"") -> 0 | BI33: =IFERROR(IF(((BH33-BG33+(BH33<BG33))*24)=0,"0",(BH33-BG33+(BH33<BG33))*24),"") -> 0 | BL33: =IFERROR(IF(((BK33-BJ33+(BK33<BJ33))*24)=0,"0",(BK33-BJ33+(BK33<BJ33))*24),"") -> 0 | BO33: =IFERROR(IF(((BN33-BM33+(BN33<BM33))*24)=0,"0",(BN33-BM33+(BN33<BM33))*24),"") -> 0 | BR33: =IFERROR(IF(((BQ33-BP33+(BQ33<BP33))*24)=0,"0",(BQ33-BP33+(BQ33<BP33))*24),"") -> 0 | BU33: =IFERROR(IF(((BT33-BS33+(BT33<BS33))*24)=0,"0",(BT33-BS33+(BT33<BS33))*24),"") -> 0 | BX33: =IFERROR(IF(((BW33-BV33+(BW33<BV33))*24)=0,"0",(BW33-BV33+(BW33<BV33))*24),"") -> 0 | CA33: =IFERROR(IF(((BZ33-BY33+(BZ33<BY33))*24)=0,"0",(BZ33-BY33+(BZ33<BY33))*24),"") -> 0 | CD33: =IFERROR(IF(((CC33-CB33+(CC33<CB33))*24)=0,"0",(CC33-CB33+(CC33<CB33))*24),"") -> 0 | CG33: =IFERROR(IF(((CF33-CE33+(CF33<CE33))*24)=0,"0",(CF33-CE33+(CF33<CE33))*24),"") -> 0 | CJ33: =IFERROR(IF(((CI33-CH33+(CI33<CH33))*24)=0,"0",(CI33-CH33+(CI33<CH33))*24),"") -> 0 | CM33: =IFERROR(IF(((CL33-CK33+(CL33<CK33))*24)=0,"0",(CL33-CK33+(CL33<CK33))*24),"") -> 0 | CP33: =IFERROR(IF(((CO33-CN33+(CO33<CN33))*24)=0,"0",(CO33-CN33+(CO33<CN33))*24),"") -> 0 | CS33: =IFERROR(IF(((CR33-CQ33+(CR33<CQ33))*24)=0,"0",(CR33-CQ33+(CR33<CQ33))*24),"") -> 0 | CV33: =IFERROR(IF(((CU33-CT33+(CU33<CT33))*24)=0,"0",(CU33-CT33+(CU33<CT33))*24),"") -> 0
E34: ='2-2.근무표'!B33 -> 김복순 | F34: ='2-1.직원현황'!D33 -> 선택 | G34: ='2-1.직원현황'!E33 -> 파트타임 | J34: =IFERROR(IF(((I34-H34+(I34<H34))*24)=0,"0",(I34-H34+(I34<H34))*24),"") -> 0 | M34: =IFERROR(IF(((L34-K34+(L34<K34))*24)=0,"0",(L34-K34+(L34<K34))*24),"") -> 0 | P34: =IFERROR(IF(((O34-N34+(O34<N34))*24)=0,"0",(O34-N34+(O34<N34))*24),"") -> 0 | S34: =IFERROR(IF(((R34-Q34+(R34<Q34))*24)=0,"0",(R34-Q34+(R34<Q34))*24),"") -> 0 | V34: =IFERROR(IF(((U34-T34+(U34<T34))*24)=0,"0",(U34-T34+(U34<T34))*24),"") -> 0 | Y34: =IFERROR(IF(((X34-W34+(X34<W34))*24)=0,"0",(X34-W34+(X34<W34))*24),"") -> 0 | AB34: =IFERROR(IF(((AA34-Z34+(AA34<Z34))*24)=0,"0",(AA34-Z34+(AA34<Z34))*24),"") -> 0 | AE34: =IFERROR(IF(((AD34-AC34+(AD34<AC34))*24)=0,"0",(AD34-AC34+(AD34<AC34))*24),"") -> 0 | AH34: =IFERROR(IF(((AG34-AF34+(AG34<AF34))*24)=0,"0",(AG34-AF34+(AG34<AF34))*24),"") -> 0 | AK34: =IFERROR(IF(((AJ34-AI34+(AJ34<AI34))*24)=0,"0",(AJ34-AI34+(AJ34<AI34))*24),"") -> 0 | AN34: =IFERROR(IF(((AM34-AL34+(AM34<AL34))*24)=0,"0",(AM34-AL34+(AM34<AL34))*24),"") -> 0 | AQ34: =IFERROR(IF(((AP34-AO34+(AP34<AO34))*24)=0,"0",(AP34-AO34+(AP34<AO34))*24),"") -> 0 | AT34: =IFERROR(IF(((AS34-AR34+(AS34<AR34))*24)=0,"0",(AS34-AR34+(AS34<AR34))*24),"") -> 0 | AW34: =IFERROR(IF(((AV34-AU34+(AV34<AU34))*24)=0,"0",(AV34-AU34+(AV34<AU34))*24),"") -> 0 | AZ34: =IFERROR(IF(((AY34-AX34+(AY34<AX34))*24)=0,"0",(AY34-AX34+(AY34<AX34))*24),"") -> 0 | BC34: =IFERROR(IF(((BB34-BA34+(BB34<BA34))*24)=0,"0",(BB34-BA34+(BB34<BA34))*24),"") -> 0 | BF34: =IFERROR(IF(((BE34-BD34+(BE34<BD34))*24)=0,"0",(BE34-BD34+(BE34<BD34))*24),"") -> 0 | BI34: =IFERROR(IF(((BH34-BG34+(BH34<BG34))*24)=0,"0",(BH34-BG34+(BH34<BG34))*24),"") -> 0 | BL34: =IFERROR(IF(((BK34-BJ34+(BK34<BJ34))*24)=0,"0",(BK34-BJ34+(BK34<BJ34))*24),"") -> 0 | BO34: =IFERROR(IF(((BN34-BM34+(BN34<BM34))*24)=0,"0",(BN34-BM34+(BN34<BM34))*24),"") -> 0 | BR34: =IFERROR(IF(((BQ34-BP34+(BQ34<BP34))*24)=0,"0",(BQ34-BP34+(BQ34<BP34))*24),"") -> 0 | BU34: =IFERROR(IF(((BT34-BS34+(BT34<BS34))*24)=0,"0",(BT34-BS34+(BT34<BS34))*24),"") -> 0 | BX34: =IFERROR(IF(((BW34-BV34+(BW34<BV34))*24)=0,"0",(BW34-BV34+(BW34<BV34))*24),"") -> 0 | CA34: =IFERROR(IF(((BZ34-BY34+(BZ34<BY34))*24)=0,"0",(BZ34-BY34+(BZ34<BY34))*24),"") -> 0 | CD34: =IFERROR(IF(((CC34-CB34+(CC34<CB34))*24)=0,"0",(CC34-CB34+(CC34<CB34))*24),"") -> 0 | CG34: =IFERROR(IF(((CF34-CE34+(CF34<CE34))*24)=0,"0",(CF34-CE34+(CF34<CE34))*24),"") -> 0 | CJ34: =IFERROR(IF(((CI34-CH34+(CI34<CH34))*24)=0,"0",(CI34-CH34+(CI34<CH34))*24),"") -> 0 | CM34: =IFERROR(IF(((CL34-CK34+(CL34<CK34))*24)=0,"0",(CL34-CK34+(CL34<CK34))*24),"") -> 0 | CP34: =IFERROR(IF(((CO34-CN34+(CO34<CN34))*24)=0,"0",(CO34-CN34+(CO34<CN34))*24),"") -> 0 | CS34: =IFERROR(IF(((CR34-CQ34+(CR34<CQ34))*24)=0,"0",(CR34-CQ34+(CR34<CQ34))*24),"") -> 0 | CV34: =IFERROR(IF(((CU34-CT34+(CU34<CT34))*24)=0,"0",(CU34-CT34+(CU34<CT34))*24),"") -> 0
E35: ='2-2.근무표'!B34 -> 이도형 | F35: ='2-1.직원현황'!D34 -> 선택 | G35: ='2-1.직원현황'!E34 -> 파트타임 | J35: =IFERROR(IF(((I35-H35+(I35<H35))*24)=0,"0",(I35-H35+(I35<H35))*24),"") -> 0 | M35: =IFERROR(IF(((L35-K35+(L35<K35))*24)=0,"0",(L35-K35+(L35<K35))*24),"") -> 0 | S35: =IFERROR(IF(((R35-Q35+(R35<Q35))*24)=0,"0",(R35-Q35+(R35<Q35))*24),"") -> 0 | V35: =IFERROR(IF(((U35-T35+(U35<T35))*24)=0,"0",(U35-T35+(U35<T35))*24),"") -> 0 | Y35: =IFERROR(IF(((X35-W35+(X35<W35))*24)=0,"0",(X35-W35+(X35<W35))*24),"") -> 0 | AB35: =IFERROR(IF(((AA35-Z35+(AA35<Z35))*24)=0,"0",(AA35-Z35+(AA35<Z35))*24),"") -> 0 | AE35: =IFERROR(IF(((AD35-AC35+(AD35<AC35))*24)=0,"0",(AD35-AC35+(AD35<AC35))*24),"") -> 0 | AH35: =IFERROR(IF(((AG35-AF35+(AG35<AF35))*24)=0,"0",(AG35-AF35+(AG35<AF35))*24),"") -> 0 | AK35: =IFERROR(IF(((AJ35-AI35+(AJ35<AI35))*24)=0,"0",(AJ35-AI35+(AJ35<AI35))*24),"") -> 0 | AN35: =IFERROR(IF(((AM35-AL35+(AM35<AL35))*24)=0,"0",(AM35-AL35+(AM35<AL35))*24),"") -> 0 | AQ35: =IFERROR(IF(((AP35-AO35+(AP35<AO35))*24)=0,"0",(AP35-AO35+(AP35<AO35))*24),"") -> 0 | AT35: =IFERROR(IF(((AS35-AR35+(AS35<AR35))*24)=0,"0",(AS35-AR35+(AS35<AR35))*24),"") -> 0 | AW35: =IFERROR(IF(((AV35-AU35+(AV35<AU35))*24)=0,"0",(AV35-AU35+(AV35<AU35))*24),"") -> 0 | AZ35: =IFERROR(IF(((AY35-AX35+(AY35<AX35))*24)=0,"0",(AY35-AX35+(AY35<AX35))*24),"") -> 0 | BC35: =IFERROR(IF(((BB35-BA35+(BB35<BA35))*24)=0,"0",(BB35-BA35+(BB35<BA35))*24),"") -> 0 | BF35: =IFERROR(IF(((BE35-BD35+(BE35<BD35))*24)=0,"0",(BE35-BD35+(BE35<BD35))*24),"") -> 0 | BI35: =IFERROR(IF(((BH35-BG35+(BH35<BG35))*24)=0,"0",(BH35-BG35+(BH35<BG35))*24),"") -> 0 | BL35: =IFERROR(IF(((BK35-BJ35+(BK35<BJ35))*24)=0,"0",(BK35-BJ35+(BK35<BJ35))*24),"") -> 0 | BO35: =IFERROR(IF(((BN35-BM35+(BN35<BM35))*24)=0,"0",(BN35-BM35+(BN35<BM35))*24),"") -> 0 | BR35: =IFERROR(IF(((BQ35-BP35+(BQ35<BP35))*24)=0,"0",(BQ35-BP35+(BQ35<BP35))*24),"") -> 0 | BU35: =IFERROR(IF(((BT35-BS35+(BT35<BS35))*24)=0,"0",(BT35-BS35+(BT35<BS35))*24),"") -> 0 | BX35: =IFERROR(IF(((BW35-BV35+(BW35<BV35))*24)=0,"0",(BW35-BV35+(BW35<BV35))*24),"") -> 0 | CA35: =IFERROR(IF(((BZ35-BY35+(BZ35<BY35))*24)=0,"0",(BZ35-BY35+(BZ35<BY35))*24),"") -> 0 | CD35: =IFERROR(IF(((CC35-CB35+(CC35<CB35))*24)=0,"0",(CC35-CB35+(CC35<CB35))*24),"") -> 0 | CG35: =IFERROR(IF(((CF35-CE35+(CF35<CE35))*24)=0,"0",(CF35-CE35+(CF35<CE35))*24),"") -> 0 | CJ35: =IFERROR(IF(((CI35-CH35+(CI35<CH35))*24)=0,"0",(CI35-CH35+(CI35<CH35))*24),"") -> 0 | CM35: =IFERROR(IF(((CL35-CK35+(CL35<CK35))*24)=0,"0",(CL35-CK35+(CL35<CK35))*24),"") -> 0 | CP35: =IFERROR(IF(((CO35-CN35+(CO35<CN35))*24)=0,"0",(CO35-CN35+(CO35<CN35))*24),"") -> 0 | CS35: =IFERROR(IF(((CR35-CQ35+(CR35<CQ35))*24)=0,"0",(CR35-CQ35+(CR35<CQ35))*24),"") -> 0 | CV35: =IFERROR(IF(((CU35-CT35+(CU35<CT35))*24)=0,"0",(CU35-CT35+(CU35<CT35))*24),"") -> 0
E36: ='2-2.근무표'!B35 -> 송은비 | F36: ='2-1.직원현황'!D35 -> 선택 | G36: ='2-1.직원현황'!E35 -> 파트타임 | J36: =IFERROR(IF(((I36-H36+(I36<H36))*24)=0,"0",(I36-H36+(I36<H36))*24),"") -> 0 | M36: =IFERROR(IF(((L36-K36+(L36<K36))*24)=0,"0",(L36-K36+(L36<K36))*24),"") -> 0 | P36: =IFERROR(IF(((O36-N36+(O36<N36))*24)=0,"0",(O36-N36+(O36<N36))*24),"") -> 0 | S36: =IFERROR(IF(((R36-Q36+(R36<Q36))*24)=0,"0",(R36-Q36+(R36<Q36))*24),"") -> 0 | V36: =IFERROR(IF(((U36-T36+(U36<T36))*24)=0,"0",(U36-T36+(U36<T36))*24),"") -> 0 | Y36: =IFERROR(IF(((X36-W36+(X36<W36))*24)=0,"0",(X36-W36+(X36<W36))*24),"") -> 0 | AB36: =IFERROR(IF(((AA36-Z36+(AA36<Z36))*24)=0,"0",(AA36-Z36+(AA36<Z36))*24),"") -> 0 | AE36: =IFERROR(IF(((AD36-AC36+(AD36<AC36))*24)=0,"0",(AD36-AC36+(AD36<AC36))*24),"") -> 0 | AH36: =IFERROR(IF(((AG36-AF36+(AG36<AF36))*24)=0,"0",(AG36-AF36+(AG36<AF36))*24),"") -> 0 | AK36: =IFERROR(IF(((AJ36-AI36+(AJ36<AI36))*24)=0,"0",(AJ36-AI36+(AJ36<AI36))*24),"") -> 0 | AN36: =IFERROR(IF(((AM36-AL36+(AM36<AL36))*24)=0,"0",(AM36-AL36+(AM36<AL36))*24),"") -> 0 | AQ36: =IFERROR(IF(((AP36-AO36+(AP36<AO36))*24)=0,"0",(AP36-AO36+(AP36<AO36))*24),"") -> 0 | AT36: =IFERROR(IF(((AS36-AR36+(AS36<AR36))*24)=0,"0",(AS36-AR36+(AS36<AR36))*24),"") -> 0 | AW36: =IFERROR(IF(((AV36-AU36+(AV36<AU36))*24)=0,"0",(AV36-AU36+(AV36<AU36))*24),"") -> 0 | AZ36: =IFERROR(IF(((AY36-AX36+(AY36<AX36))*24)=0,"0",(AY36-AX36+(AY36<AX36))*24),"") -> 0 | BC36: =IFERROR(IF(((BB36-BA36+(BB36<BA36))*24)=0,"0",(BB36-BA36+(BB36<BA36))*24),"") -> 0 | BF36: =IFERROR(IF(((BE36-BD36+(BE36<BD36))*24)=0,"0",(BE36-BD36+(BE36<BD36))*24),"") -> 0 | BI36: =IFERROR(IF(((BH36-BG36+(BH36<BG36))*24)=0,"0",(BH36-BG36+(BH36<BG36))*24),"") -> 0 | BL36: =IFERROR(IF(((BK36-BJ36+(BK36<BJ36))*24)=0,"0",(BK36-BJ36+(BK36<BJ36))*24),"") -> 0 | BO36: =IFERROR(IF(((BN36-BM36+(BN36<BM36))*24)=0,"0",(BN36-BM36+(BN36<BM36))*24),"") -> 0 | BR36: =IFERROR(IF(((BQ36-BP36+(BQ36<BP36))*24)=0,"0",(BQ36-BP36+(BQ36<BP36))*24),"") -> 0 | BU36: =IFERROR(IF(((BT36-BS36+(BT36<BS36))*24)=0,"0",(BT36-BS36+(BT36<BS36))*24),"") -> 0 | BX36: =IFERROR(IF(((BW36-BV36+(BW36<BV36))*24)=0,"0",(BW36-BV36+(BW36<BV36))*24),"") -> 0 | CA36: =IFERROR(IF(((BZ36-BY36+(BZ36<BY36))*24)=0,"0",(BZ36-BY36+(BZ36<BY36))*24),"") -> 0 | CD36: =IFERROR(IF(((CC36-CB36+(CC36<CB36))*24)=0,"0",(CC36-CB36+(CC36<CB36))*24),"") -> 0 | CG36: =IFERROR(IF(((CF36-CE36+(CF36<CE36))*24)=0,"0",(CF36-CE36+(CF36<CE36))*24),"") -> 0 | CJ36: =IFERROR(IF(((CI36-CH36+(CI36<CH36))*24)=0,"0",(CI36-CH36+(CI36<CH36))*24),"") -> 0 | CM36: =IFERROR(IF(((CL36-CK36+(CL36<CK36))*24)=0,"0",(CL36-CK36+(CL36<CK36))*24),"") -> 0 | CP36: =IFERROR(IF(((CO36-CN36+(CO36<CN36))*24)=0,"0",(CO36-CN36+(CO36<CN36))*24),"") -> 0 | CS36: =IFERROR(IF(((CR36-CQ36+(CR36<CQ36))*24)=0,"0",(CR36-CQ36+(CR36<CQ36))*24),"") -> 0 | CV36: =IFERROR(IF(((CU36-CT36+(CU36<CT36))*24)=0,"0",(CU36-CT36+(CU36<CT36))*24),"") -> 0
E37: ='2-2.근무표'!B36 -> 김범창 | F37: ='2-1.직원현황'!D36 -> 선택 | G37: ='2-1.직원현황'!E36 -> 파트타임 | J37: =IFERROR(IF(((I37-H37+(I37<H37))*24)=0,"0",(I37-H37+(I37<H37))*24),"") -> 0 | M37: =IFERROR(IF(((L37-K37+(L37<K37))*24)=0,"0",(L37-K37+(L37<K37))*24),"") -> 0 | P37: =IFERROR(IF(((O37-N37+(O37<N37))*24)=0,"0",(O37-N37+(O37<N37))*24),"") -> 0 | S37: =IFERROR(IF(((R37-Q37+(R37<Q37))*24)=0,"0",(R37-Q37+(R37<Q37))*24),"") -> 0 | V37: =IFERROR(IF(((U37-T37+(U37<T37))*24)=0,"0",(U37-T37+(U37<T37))*24),"") -> 0 | Y37: =IFERROR(IF(((X37-W37+(X37<W37))*24)=0,"0",(X37-W37+(X37<W37))*24),"") -> 0 | AB37: =IFERROR(IF(((AA37-Z37+(AA37<Z37))*24)=0,"0",(AA37-Z37+(AA37<Z37))*24),"") -> 0 | AE37: =IFERROR(IF(((AD37-AC37+(AD37<AC37))*24)=0,"0",(AD37-AC37+(AD37<AC37))*24),"") -> 0 | AH37: =IFERROR(IF(((AG37-AF37+(AG37<AF37))*24)=0,"0",(AG37-AF37+(AG37<AF37))*24),"") -> 0 | AK37: =IFERROR(IF(((AJ37-AI37+(AJ37<AI37))*24)=0,"0",(AJ37-AI37+(AJ37<AI37))*24),"") -> 0 | AN37: =IFERROR(IF(((AM37-AL37+(AM37<AL37))*24)=0,"0",(AM37-AL37+(AM37<AL37))*24),"") -> 0 | AQ37: =IFERROR(IF(((AP37-AO37+(AP37<AO37))*24)=0,"0",(AP37-AO37+(AP37<AO37))*24),"") -> 0 | AT37: =IFERROR(IF(((AS37-AR37+(AS37<AR37))*24)=0,"0",(AS37-AR37+(AS37<AR37))*24),"") -> 0 | AW37: =IFERROR(IF(((AV37-AU37+(AV37<AU37))*24)=0,"0",(AV37-AU37+(AV37<AU37))*24),"") -> 0 | AZ37: =IFERROR(IF(((AY37-AX37+(AY37<AX37))*24)=0,"0",(AY37-AX37+(AY37<AX37))*24),"") -> 0 | BC37: =IFERROR(IF(((BB37-BA37+(BB37<BA37))*24)=0,"0",(BB37-BA37+(BB37<BA37))*24),"") -> 0 | BF37: =IFERROR(IF(((BE37-BD37+(BE37<BD37))*24)=0,"0",(BE37-BD37+(BE37<BD37))*24),"") -> 0 | BI37: =IFERROR(IF(((BH37-BG37+(BH37<BG37))*24)=0,"0",(BH37-BG37+(BH37<BG37))*24),"") -> 0 | BL37: =IFERROR(IF(((BK37-BJ37+(BK37<BJ37))*24)=0,"0",(BK37-BJ37+(BK37<BJ37))*24),"") -> 0 | BO37: =IFERROR(IF(((BN37-BM37+(BN37<BM37))*24)=0,"0",(BN37-BM37+(BN37<BM37))*24),"") -> 0 | BR37: =IFERROR(IF(((BQ37-BP37+(BQ37<BP37))*24)=0,"0",(BQ37-BP37+(BQ37<BP37))*24),"") -> 0 | BU37: =IFERROR(IF(((BT37-BS37+(BT37<BS37))*24)=0,"0",(BT37-BS37+(BT37<BS37))*24),"") -> 0 | BX37: =IFERROR(IF(((BW37-BV37+(BW37<BV37))*24)=0,"0",(BW37-BV37+(BW37<BV37))*24),"") -> 0 | CA37: =IFERROR(IF(((BZ37-BY37+(BZ37<BY37))*24)=0,"0",(BZ37-BY37+(BZ37<BY37))*24),"") -> 0 | CD37: =IFERROR(IF(((CC37-CB37+(CC37<CB37))*24)=0,"0",(CC37-CB37+(CC37<CB37))*24),"") -> 0 | CG37: =IFERROR(IF(((CF37-CE37+(CF37<CE37))*24)=0,"0",(CF37-CE37+(CF37<CE37))*24),"") -> 0 | CJ37: =IFERROR(IF(((CI37-CH37+(CI37<CH37))*24)=0,"0",(CI37-CH37+(CI37<CH37))*24),"") -> 0 | CM37: =IFERROR(IF(((CL37-CK37+(CL37<CK37))*24)=0,"0",(CL37-CK37+(CL37<CK37))*24),"") -> 0 | CP37: =IFERROR(IF(((CO37-CN37+(CO37<CN37))*24)=0,"0",(CO37-CN37+(CO37<CN37))*24),"") -> 0 | CS37: =IFERROR(IF(((CR37-CQ37+(CR37<CQ37))*24)=0,"0",(CR37-CQ37+(CR37<CQ37))*24),"") -> 0 | CV37: =IFERROR(IF(((CU37-CT37+(CU37<CT37))*24)=0,"0",(CU37-CT37+(CU37<CT37))*24),"") -> 0
E38: ='2-2.근무표'!B37 -> 0 | F38: ='2-1.직원현황'!D37 -> 선택 | G38: ='2-1.직원현황'!E37 -> 파트타임 | J38: =IFERROR(IF(((I38-H38+(I38<H38))*24)=0,"0",(I38-H38+(I38<H38))*24),"") -> 0 | M38: =IFERROR(IF(((L38-K38+(L38<K38))*24)=0,"0",(L38-K38+(L38<K38))*24),"") -> 0 | P38: =IFERROR(IF(((O38-N38+(O38<N38))*24)=0,"0",(O38-N38+(O38<N38))*24),"") -> 0 | S38: =IFERROR(IF(((R38-Q38+(R38<Q38))*24)=0,"0",(R38-Q38+(R38<Q38))*24),"") -> 0 | V38: =IFERROR(IF(((U38-T38+(U38<T38))*24)=0,"0",(U38-T38+(U38<T38))*24),"") -> 0 | Y38: =IFERROR(IF(((X38-W38+(X38<W38))*24)=0,"0",(X38-W38+(X38<W38))*24),"") -> 0 | AB38: =IFERROR(IF(((AA38-Z38+(AA38<Z38))*24)=0,"0",(AA38-Z38+(AA38<Z38))*24),"") -> 0 | AE38: =IFERROR(IF(((AD38-AC38+(AD38<AC38))*24)=0,"0",(AD38-AC38+(AD38<AC38))*24),"") -> 0 | AH38: =IFERROR(IF(((AG38-AF38+(AG38<AF38))*24)=0,"0",(AG38-AF38+(AG38<AF38))*24),"") -> 0 | AK38: =IFERROR(IF(((AJ38-AI38+(AJ38<AI38))*24)=0,"0",(AJ38-AI38+(AJ38<AI38))*24),"") -> 0 | AN38: =IFERROR(IF(((AM38-AL38+(AM38<AL38))*24)=0,"0",(AM38-AL38+(AM38<AL38))*24),"") -> 0 | AQ38: =IFERROR(IF(((AP38-AO38+(AP38<AO38))*24)=0,"0",(AP38-AO38+(AP38<AO38))*24),"") -> 0 | AT38: =IFERROR(IF(((AS38-AR38+(AS38<AR38))*24)=0,"0",(AS38-AR38+(AS38<AR38))*24),"") -> 0 | AW38: =IFERROR(IF(((AV38-AU38+(AV38<AU38))*24)=0,"0",(AV38-AU38+(AV38<AU38))*24),"") -> 0 | AZ38: =IFERROR(IF(((AY38-AX38+(AY38<AX38))*24)=0,"0",(AY38-AX38+(AY38<AX38))*24),"") -> 0 | BC38: =IFERROR(IF(((BB38-BA38+(BB38<BA38))*24)=0,"0",(BB38-BA38+(BB38<BA38))*24),"") -> 0 | BF38: =IFERROR(IF(((BE38-BD38+(BE38<BD38))*24)=0,"0",(BE38-BD38+(BE38<BD38))*24),"") -> 0 | BI38: =IFERROR(IF(((BH38-BG38+(BH38<BG38))*24)=0,"0",(BH38-BG38+(BH38<BG38))*24),"") -> 0 | BL38: =IFERROR(IF(((BK38-BJ38+(BK38<BJ38))*24)=0,"0",(BK38-BJ38+(BK38<BJ38))*24),"") -> 0 | BO38: =IFERROR(IF(((BN38-BM38+(BN38<BM38))*24)=0,"0",(BN38-BM38+(BN38<BM38))*24),"") -> 0 | BR38: =IFERROR(IF(((BQ38-BP38+(BQ38<BP38))*24)=0,"0",(BQ38-BP38+(BQ38<BP38))*24),"") -> 0 | BU38: =IFERROR(IF(((BT38-BS38+(BT38<BS38))*24)=0,"0",(BT38-BS38+(BT38<BS38))*24),"") -> 0 | BX38: =IFERROR(IF(((BW38-BV38+(BW38<BV38))*24)=0,"0",(BW38-BV38+(BW38<BV38))*24),"") -> 0 | CA38: =IFERROR(IF(((BZ38-BY38+(BZ38<BY38))*24)=0,"0",(BZ38-BY38+(BZ38<BY38))*24),"") -> 0 | CD38: =IFERROR(IF(((CC38-CB38+(CC38<CB38))*24)=0,"0",(CC38-CB38+(CC38<CB38))*24),"") -> 0 | CG38: =IFERROR(IF(((CF38-CE38+(CF38<CE38))*24)=0,"0",(CF38-CE38+(CF38<CE38))*24),"") -> 0 | CJ38: =IFERROR(IF(((CI38-CH38+(CI38<CH38))*24)=0,"0",(CI38-CH38+(CI38<CH38))*24),"") -> 0 | CM38: =IFERROR(IF(((CL38-CK38+(CL38<CK38))*24)=0,"0",(CL38-CK38+(CL38<CK38))*24),"") -> 0 | CP38: =IFERROR(IF(((CO38-CN38+(CO38<CN38))*24)=0,"0",(CO38-CN38+(CO38<CN38))*24),"") -> 0 | CS38: =IFERROR(IF(((CR38-CQ38+(CR38<CQ38))*24)=0,"0",(CR38-CQ38+(CR38<CQ38))*24),"") -> 0 | CV38: =IFERROR(IF(((CU38-CT38+(CU38<CT38))*24)=0,"0",(CU38-CT38+(CU38<CT38))*24),"") -> 0
E39: ='2-2.근무표'!B38 -> 0 | F39: ='2-1.직원현황'!D38 -> 선택 | G39: ='2-1.직원현황'!E38 -> 파트타임 | J39: =IFERROR(IF(((I39-H39+(I39<H39))*24)=0,"0",(I39-H39+(I39<H39))*24),"") -> 0 | M39: =IFERROR(IF(((L39-K39+(L39<K39))*24)=0,"0",(L39-K39+(L39<K39))*24),"") -> 0 | P39: =IFERROR(IF(((O39-N39+(O39<N39))*24)=0,"0",(O39-N39+(O39<N39))*24),"") -> 0 | S39: =IFERROR(IF(((R39-Q39+(R39<Q39))*24)=0,"0",(R39-Q39+(R39<Q39))*24),"") -> 0 | V39: =IFERROR(IF(((U39-T39+(U39<T39))*24)=0,"0",(U39-T39+(U39<T39))*24),"") -> 0 | Y39: =IFERROR(IF(((X39-W39+(X39<W39))*24)=0,"0",(X39-W39+(X39<W39))*24),"") -> 0 | AB39: =IFERROR(IF(((AA39-Z39+(AA39<Z39))*24)=0,"0",(AA39-Z39+(AA39<Z39))*24),"") -> 0 | AE39: =IFERROR(IF(((AD39-AC39+(AD39<AC39))*24)=0,"0",(AD39-AC39+(AD39<AC39))*24),"") -> 0 | AH39: =IFERROR(IF(((AG39-AF39+(AG39<AF39))*24)=0,"0",(AG39-AF39+(AG39<AF39))*24),"") -> 0 | AK39: =IFERROR(IF(((AJ39-AI39+(AJ39<AI39))*24)=0,"0",(AJ39-AI39+(AJ39<AI39))*24),"") -> 0 | AN39: =IFERROR(IF(((AM39-AL39+(AM39<AL39))*24)=0,"0",(AM39-AL39+(AM39<AL39))*24),"") -> 0 | AQ39: =IFERROR(IF(((AP39-AO39+(AP39<AO39))*24)=0,"0",(AP39-AO39+(AP39<AO39))*24),"") -> 0 | AT39: =IFERROR(IF(((AS39-AR39+(AS39<AR39))*24)=0,"0",(AS39-AR39+(AS39<AR39))*24),"") -> 0 | AW39: =IFERROR(IF(((AV39-AU39+(AV39<AU39))*24)=0,"0",(AV39-AU39+(AV39<AU39))*24),"") -> 0 | AZ39: =IFERROR(IF(((AY39-AX39+(AY39<AX39))*24)=0,"0",(AY39-AX39+(AY39<AX39))*24),"") -> 0 | BC39: =IFERROR(IF(((BB39-BA39+(BB39<BA39))*24)=0,"0",(BB39-BA39+(BB39<BA39))*24),"") -> 0 | BF39: =IFERROR(IF(((BE39-BD39+(BE39<BD39))*24)=0,"0",(BE39-BD39+(BE39<BD39))*24),"") -> 0 | BI39: =IFERROR(IF(((BH39-BG39+(BH39<BG39))*24)=0,"0",(BH39-BG39+(BH39<BG39))*24),"") -> 0 | BL39: =IFERROR(IF(((BK39-BJ39+(BK39<BJ39))*24)=0,"0",(BK39-BJ39+(BK39<BJ39))*24),"") -> 0 | BO39: =IFERROR(IF(((BN39-BM39+(BN39<BM39))*24)=0,"0",(BN39-BM39+(BN39<BM39))*24),"") -> 0 | BR39: =IFERROR(IF(((BQ39-BP39+(BQ39<BP39))*24)=0,"0",(BQ39-BP39+(BQ39<BP39))*24),"") -> 0 | BU39: =IFERROR(IF(((BT39-BS39+(BT39<BS39))*24)=0,"0",(BT39-BS39+(BT39<BS39))*24),"") -> 0 | BX39: =IFERROR(IF(((BW39-BV39+(BW39<BV39))*24)=0,"0",(BW39-BV39+(BW39<BV39))*24),"") -> 0 | CA39: =IFERROR(IF(((BZ39-BY39+(BZ39<BY39))*24)=0,"0",(BZ39-BY39+(BZ39<BY39))*24),"") -> 0 | CD39: =IFERROR(IF(((CC39-CB39+(CC39<CB39))*24)=0,"0",(CC39-CB39+(CC39<CB39))*24),"") -> 0 | CG39: =IFERROR(IF(((CF39-CE39+(CF39<CE39))*24)=0,"0",(CF39-CE39+(CF39<CE39))*24),"") -> 0 | CJ39: =IFERROR(IF(((CI39-CH39+(CI39<CH39))*24)=0,"0",(CI39-CH39+(CI39<CH39))*24),"") -> 0 | CM39: =IFERROR(IF(((CL39-CK39+(CL39<CK39))*24)=0,"0",(CL39-CK39+(CL39<CK39))*24),"") -> 0 | CP39: =IFERROR(IF(((CO39-CN39+(CO39<CN39))*24)=0,"0",(CO39-CN39+(CO39<CN39))*24),"") -> 0 | CS39: =IFERROR(IF(((CR39-CQ39+(CR39<CQ39))*24)=0,"0",(CR39-CQ39+(CR39<CQ39))*24),"") -> 0 | CV39: =IFERROR(IF(((CU39-CT39+(CU39<CT39))*24)=0,"0",(CU39-CT39+(CU39<CT39))*24),"") -> 0
E40: ='2-2.근무표'!B39 -> 0 | F40: ='2-1.직원현황'!D39 -> 선택 | G40: ='2-1.직원현황'!E39 -> 파트타임 | J40: =IFERROR(IF(((I40-H40+(I40<H40))*24)=0,"0",(I40-H40+(I40<H40))*24),"") -> 0 | M40: =IFERROR(IF(((L40-K40+(L40<K40))*24)=0,"0",(L40-K40+(L40<K40))*24),"") -> 0 | P40: =IFERROR(IF(((O40-N40+(O40<N40))*24)=0,"0",(O40-N40+(O40<N40))*24),"") -> 0 | S40: =IFERROR(IF(((R40-Q40+(R40<Q40))*24)=0,"0",(R40-Q40+(R40<Q40))*24),"") -> 0 | V40: =IFERROR(IF(((U40-T40+(U40<T40))*24)=0,"0",(U40-T40+(U40<T40))*24),"") -> 0 | Y40: =IFERROR(IF(((X40-W40+(X40<W40))*24)=0,"0",(X40-W40+(X40<W40))*24),"") -> 0 | AB40: =IFERROR(IF(((AA40-Z40+(AA40<Z40))*24)=0,"0",(AA40-Z40+(AA40<Z40))*24),"") -> 0 | AE40: =IFERROR(IF(((AD40-AC40+(AD40<AC40))*24)=0,"0",(AD40-AC40+(AD40<AC40))*24),"") -> 0 | AH40: =IFERROR(IF(((AG40-AF40+(AG40<AF40))*24)=0,"0",(AG40-AF40+(AG40<AF40))*24),"") -> 0 | AK40: =IFERROR(IF(((AJ40-AI40+(AJ40<AI40))*24)=0,"0",(AJ40-AI40+(AJ40<AI40))*24),"") -> 0 | AN40: =IFERROR(IF(((AM40-AL40+(AM40<AL40))*24)=0,"0",(AM40-AL40+(AM40<AL40))*24),"") -> 0 | AQ40: =IFERROR(IF(((AP40-AO40+(AP40<AO40))*24)=0,"0",(AP40-AO40+(AP40<AO40))*24),"") -> 0 | AT40: =IFERROR(IF(((AS40-AR40+(AS40<AR40))*24)=0,"0",(AS40-AR40+(AS40<AR40))*24),"") -> 0 | AW40: =IFERROR(IF(((AV40-AU40+(AV40<AU40))*24)=0,"0",(AV40-AU40+(AV40<AU40))*24),"") -> 0 | AZ40: =IFERROR(IF(((AY40-AX40+(AY40<AX40))*24)=0,"0",(AY40-AX40+(AY40<AX40))*24),"") -> 0 | BC40: =IFERROR(IF(((BB40-BA40+(BB40<BA40))*24)=0,"0",(BB40-BA40+(BB40<BA40))*24),"") -> 0 | BF40: =IFERROR(IF(((BE40-BD40+(BE40<BD40))*24)=0,"0",(BE40-BD40+(BE40<BD40))*24),"") -> 0 | BI40: =IFERROR(IF(((BH40-BG40+(BH40<BG40))*24)=0,"0",(BH40-BG40+(BH40<BG40))*24),"") -> 0 | BL40: =IFERROR(IF(((BK40-BJ40+(BK40<BJ40))*24)=0,"0",(BK40-BJ40+(BK40<BJ40))*24),"") -> 0 | BO40: =IFERROR(IF(((BN40-BM40+(BN40<BM40))*24)=0,"0",(BN40-BM40+(BN40<BM40))*24),"") -> 0 | BR40: =IFERROR(IF(((BQ40-BP40+(BQ40<BP40))*24)=0,"0",(BQ40-BP40+(BQ40<BP40))*24),"") -> 0 | BU40: =IFERROR(IF(((BT40-BS40+(BT40<BS40))*24)=0,"0",(BT40-BS40+(BT40<BS40))*24),"") -> 0 | BX40: =IFERROR(IF(((BW40-BV40+(BW40<BV40))*24)=0,"0",(BW40-BV40+(BW40<BV40))*24),"") -> 0 | CA40: =IFERROR(IF(((BZ40-BY40+(BZ40<BY40))*24)=0,"0",(BZ40-BY40+(BZ40<BY40))*24),"") -> 0 | CD40: =IFERROR(IF(((CC40-CB40+(CC40<CB40))*24)=0,"0",(CC40-CB40+(CC40<CB40))*24),"") -> 0 | CG40: =IFERROR(IF(((CF40-CE40+(CF40<CE40))*24)=0,"0",(CF40-CE40+(CF40<CE40))*24),"") -> 0 | CJ40: =IFERROR(IF(((CI40-CH40+(CI40<CH40))*24)=0,"0",(CI40-CH40+(CI40<CH40))*24),"") -> 0 | CM40: =IFERROR(IF(((CL40-CK40+(CL40<CK40))*24)=0,"0",(CL40-CK40+(CL40<CK40))*24),"") -> 0 | CP40: =IFERROR(IF(((CO40-CN40+(CO40<CN40))*24)=0,"0",(CO40-CN40+(CO40<CN40))*24),"") -> 0 | CS40: =IFERROR(IF(((CR40-CQ40+(CR40<CQ40))*24)=0,"0",(CR40-CQ40+(CR40<CQ40))*24),"") -> 0 | CV40: =IFERROR(IF(((CU40-CT40+(CU40<CT40))*24)=0,"0",(CU40-CT40+(CU40<CT40))*24),"") -> 0
E41: ='2-2.근무표'!B40 -> 0 | F41: ='2-1.직원현황'!D40 -> 선택 | G41: ='2-1.직원현황'!E40 -> 파트타임 | J41: =IFERROR(IF(((I41-H41+(I41<H41))*24)=0,"0",(I41-H41+(I41<H41))*24),"") -> 0 | M41: =IFERROR(IF(((L41-K41+(L41<K41))*24)=0,"0",(L41-K41+(L41<K41))*24),"") -> 0 | P41: =IFERROR(IF(((O41-N41+(O41<N41))*24)=0,"0",(O41-N41+(O41<N41))*24),"") -> 0 | S41: =IFERROR(IF(((R41-Q41+(R41<Q41))*24)=0,"0",(R41-Q41+(R41<Q41))*24),"") -> 0 | V41: =IFERROR(IF(((U41-T41+(U41<T41))*24)=0,"0",(U41-T41+(U41<T41))*24),"") -> 0 | Y41: =IFERROR(IF(((X41-W41+(X41<W41))*24)=0,"0",(X41-W41+(X41<W41))*24),"") -> 0 | AB41: =IFERROR(IF(((AA41-Z41+(AA41<Z41))*24)=0,"0",(AA41-Z41+(AA41<Z41))*24),"") -> 0 | AE41: =IFERROR(IF(((AD41-AC41+(AD41<AC41))*24)=0,"0",(AD41-AC41+(AD41<AC41))*24),"") -> 0 | AH41: =IFERROR(IF(((AG41-AF41+(AG41<AF41))*24)=0,"0",(AG41-AF41+(AG41<AF41))*24),"") -> 0 | AK41: =IFERROR(IF(((AJ41-AI41+(AJ41<AI41))*24)=0,"0",(AJ41-AI41+(AJ41<AI41))*24),"") -> 0 | AN41: =IFERROR(IF(((AM41-AL41+(AM41<AL41))*24)=0,"0",(AM41-AL41+(AM41<AL41))*24),"") -> 0 | AQ41: =IFERROR(IF(((AP41-AO41+(AP41<AO41))*24)=0,"0",(AP41-AO41+(AP41<AO41))*24),"") -> 0 | AT41: =IFERROR(IF(((AS41-AR41+(AS41<AR41))*24)=0,"0",(AS41-AR41+(AS41<AR41))*24),"") -> 0 | AW41: =IFERROR(IF(((AV41-AU41+(AV41<AU41))*24)=0,"0",(AV41-AU41+(AV41<AU41))*24),"") -> 0 | AZ41: =IFERROR(IF(((AY41-AX41+(AY41<AX41))*24)=0,"0",(AY41-AX41+(AY41<AX41))*24),"") -> 0 | BC41: =IFERROR(IF(((BB41-BA41+(BB41<BA41))*24)=0,"0",(BB41-BA41+(BB41<BA41))*24),"") -> 0 | BF41: =IFERROR(IF(((BE41-BD41+(BE41<BD41))*24)=0,"0",(BE41-BD41+(BE41<BD41))*24),"") -> 0 | BI41: =IFERROR(IF(((BH41-BG41+(BH41<BG41))*24)=0,"0",(BH41-BG41+(BH41<BG41))*24),"") -> 0 | BL41: =IFERROR(IF(((BK41-BJ41+(BK41<BJ41))*24)=0,"0",(BK41-BJ41+(BK41<BJ41))*24),"") -> 0 | BO41: =IFERROR(IF(((BN41-BM41+(BN41<BM41))*24)=0,"0",(BN41-BM41+(BN41<BM41))*24),"") -> 0 | BR41: =IFERROR(IF(((BQ41-BP41+(BQ41<BP41))*24)=0,"0",(BQ41-BP41+(BQ41<BP41))*24),"") -> 0 | BU41: =IFERROR(IF(((BT41-BS41+(BT41<BS41))*24)=0,"0",(BT41-BS41+(BT41<BS41))*24),"") -> 0 | BX41: =IFERROR(IF(((BW41-BV41+(BW41<BV41))*24)=0,"0",(BW41-BV41+(BW41<BV41))*24),"") -> 0 | CA41: =IFERROR(IF(((BZ41-BY41+(BZ41<BY41))*24)=0,"0",(BZ41-BY41+(BZ41<BY41))*24),"") -> 0 | CD41: =IFERROR(IF(((CC41-CB41+(CC41<CB41))*24)=0,"0",(CC41-CB41+(CC41<CB41))*24),"") -> 0 | CG41: =IFERROR(IF(((CF41-CE41+(CF41<CE41))*24)=0,"0",(CF41-CE41+(CF41<CE41))*24),"") -> 0 | CJ41: =IFERROR(IF(((CI41-CH41+(CI41<CH41))*24)=0,"0",(CI41-CH41+(CI41<CH41))*24),"") -> 0 | CM41: =IFERROR(IF(((CL41-CK41+(CL41<CK41))*24)=0,"0",(CL41-CK41+(CL41<CK41))*24),"") -> 0 | CP41: =IFERROR(IF(((CO41-CN41+(CO41<CN41))*24)=0,"0",(CO41-CN41+(CO41<CN41))*24),"") -> 0 | CS41: =IFERROR(IF(((CR41-CQ41+(CR41<CQ41))*24)=0,"0",(CR41-CQ41+(CR41<CQ41))*24),"") -> 0 | CV41: =IFERROR(IF(((CU41-CT41+(CU41<CT41))*24)=0,"0",(CU41-CT41+(CU41<CT41))*24),"") -> 0
E42: ='2-2.근무표'!B41 -> 0 | F42: ='2-1.직원현황'!D41 -> 선택 | G42: ='2-1.직원현황'!E41 -> 파트타임 | J42: =IFERROR(IF(((I42-H42+(I42<H42))*24)=0,"0",(I42-H42+(I42<H42))*24),"") -> 0 | M42: =IFERROR(IF(((L42-K42+(L42<K42))*24)=0,"0",(L42-K42+(L42<K42))*24),"") -> 0 | P42: =IFERROR(IF(((O42-N42+(O42<N42))*24)=0,"0",(O42-N42+(O42<N42))*24),"") -> 0 | S42: =IFERROR(IF(((R42-Q42+(R42<Q42))*24)=0,"0",(R42-Q42+(R42<Q42))*24),"") -> 0 | V42: =IFERROR(IF(((U42-T42+(U42<T42))*24)=0,"0",(U42-T42+(U42<T42))*24),"") -> 0 | Y42: =IFERROR(IF(((X42-W42+(X42<W42))*24)=0,"0",(X42-W42+(X42<W42))*24),"") -> 0 | AB42: =IFERROR(IF(((AA42-Z42+(AA42<Z42))*24)=0,"0",(AA42-Z42+(AA42<Z42))*24),"") -> 0 | AE42: =IFERROR(IF(((AD42-AC42+(AD42<AC42))*24)=0,"0",(AD42-AC42+(AD42<AC42))*24),"") -> 0 | AH42: =IFERROR(IF(((AG42-AF42+(AG42<AF42))*24)=0,"0",(AG42-AF42+(AG42<AF42))*24),"") -> 0 | AK42: =IFERROR(IF(((AJ42-AI42+(AJ42<AI42))*24)=0,"0",(AJ42-AI42+(AJ42<AI42))*24),"") -> 0 | AN42: =IFERROR(IF(((AM42-AL42+(AM42<AL42))*24)=0,"0",(AM42-AL42+(AM42<AL42))*24),"") -> 0 | AQ42: =IFERROR(IF(((AP42-AO42+(AP42<AO42))*24)=0,"0",(AP42-AO42+(AP42<AO42))*24),"") -> 0 | AT42: =IFERROR(IF(((AS42-AR42+(AS42<AR42))*24)=0,"0",(AS42-AR42+(AS42<AR42))*24),"") -> 0 | AW42: =IFERROR(IF(((AV42-AU42+(AV42<AU42))*24)=0,"0",(AV42-AU42+(AV42<AU42))*24),"") -> 0 | AZ42: =IFERROR(IF(((AY42-AX42+(AY42<AX42))*24)=0,"0",(AY42-AX42+(AY42<AX42))*24),"") -> 0 | BC42: =IFERROR(IF(((BB42-BA42+(BB42<BA42))*24)=0,"0",(BB42-BA42+(BB42<BA42))*24),"") -> 0 | BF42: =IFERROR(IF(((BE42-BD42+(BE42<BD42))*24)=0,"0",(BE42-BD42+(BE42<BD42))*24),"") -> 0 | BI42: =IFERROR(IF(((BH42-BG42+(BH42<BG42))*24)=0,"0",(BH42-BG42+(BH42<BG42))*24),"") -> 0 | BL42: =IFERROR(IF(((BK42-BJ42+(BK42<BJ42))*24)=0,"0",(BK42-BJ42+(BK42<BJ42))*24),"") -> 0 | BO42: =IFERROR(IF(((BN42-BM42+(BN42<BM42))*24)=0,"0",(BN42-BM42+(BN42<BM42))*24),"") -> 0 | BR42: =IFERROR(IF(((BQ42-BP42+(BQ42<BP42))*24)=0,"0",(BQ42-BP42+(BQ42<BP42))*24),"") -> 0 | BU42: =IFERROR(IF(((BT42-BS42+(BT42<BS42))*24)=0,"0",(BT42-BS42+(BT42<BS42))*24),"") -> 0 | BX42: =IFERROR(IF(((BW42-BV42+(BW42<BV42))*24)=0,"0",(BW42-BV42+(BW42<BV42))*24),"") -> 0 | CA42: =IFERROR(IF(((BZ42-BY42+(BZ42<BY42))*24)=0,"0",(BZ42-BY42+(BZ42<BY42))*24),"") -> 0 | CD42: =IFERROR(IF(((CC42-CB42+(CC42<CB42))*24)=0,"0",(CC42-CB42+(CC42<CB42))*24),"") -> 0 | CG42: =IFERROR(IF(((CF42-CE42+(CF42<CE42))*24)=0,"0",(CF42-CE42+(CF42<CE42))*24),"") -> 0 | CJ42: =IFERROR(IF(((CI42-CH42+(CI42<CH42))*24)=0,"0",(CI42-CH42+(CI42<CH42))*24),"") -> 0 | CM42: =IFERROR(IF(((CL42-CK42+(CL42<CK42))*24)=0,"0",(CL42-CK42+(CL42<CK42))*24),"") -> 0 | CP42: =IFERROR(IF(((CO42-CN42+(CO42<CN42))*24)=0,"0",(CO42-CN42+(CO42<CN42))*24),"") -> 0 | CS42: =IFERROR(IF(((CR42-CQ42+(CR42<CQ42))*24)=0,"0",(CR42-CQ42+(CR42<CQ42))*24),"") -> 0 | CV42: =IFERROR(IF(((CU42-CT42+(CU42<CT42))*24)=0,"0",(CU42-CT42+(CU42<CT42))*24),"") -> 0
E43: ='2-2.근무표'!B42 -> 0 | F43: ='2-1.직원현황'!D42 -> 선택 | G43: ='2-1.직원현황'!E42 -> 파트타임 | J43: =IFERROR(IF(((I43-H43+(I43<H43))*24)=0,"0",(I43-H43+(I43<H43))*24),"") -> 0 | M43: =IFERROR(IF(((L43-K43+(L43<K43))*24)=0,"0",(L43-K43+(L43<K43))*24),"") -> 0 | P43: =IFERROR(IF(((O43-N43+(O43<N43))*24)=0,"0",(O43-N43+(O43<N43))*24),"") -> 0 | S43: =IFERROR(IF(((R43-Q43+(R43<Q43))*24)=0,"0",(R43-Q43+(R43<Q43))*24),"") -> 0 | V43: =IFERROR(IF(((U43-T43+(U43<T43))*24)=0,"0",(U43-T43+(U43<T43))*24),"") -> 0 | Y43: =IFERROR(IF(((X43-W43+(X43<W43))*24)=0,"0",(X43-W43+(X43<W43))*24),"") -> 0 | AB43: =IFERROR(IF(((AA43-Z43+(AA43<Z43))*24)=0,"0",(AA43-Z43+(AA43<Z43))*24),"") -> 0 | AE43: =IFERROR(IF(((AD43-AC43+(AD43<AC43))*24)=0,"0",(AD43-AC43+(AD43<AC43))*24),"") -> 0 | AH43: =IFERROR(IF(((AG43-AF43+(AG43<AF43))*24)=0,"0",(AG43-AF43+(AG43<AF43))*24),"") -> 0 | AK43: =IFERROR(IF(((AJ43-AI43+(AJ43<AI43))*24)=0,"0",(AJ43-AI43+(AJ43<AI43))*24),"") -> 0 | AN43: =IFERROR(IF(((AM43-AL43+(AM43<AL43))*24)=0,"0",(AM43-AL43+(AM43<AL43))*24),"") -> 0 | AQ43: =IFERROR(IF(((AP43-AO43+(AP43<AO43))*24)=0,"0",(AP43-AO43+(AP43<AO43))*24),"") -> 0 | AT43: =IFERROR(IF(((AS43-AR43+(AS43<AR43))*24)=0,"0",(AS43-AR43+(AS43<AR43))*24),"") -> 0 | AW43: =IFERROR(IF(((AV43-AU43+(AV43<AU43))*24)=0,"0",(AV43-AU43+(AV43<AU43))*24),"") -> 0 | AZ43: =IFERROR(IF(((AY43-AX43+(AY43<AX43))*24)=0,"0",(AY43-AX43+(AY43<AX43))*24),"") -> 0 | BC43: =IFERROR(IF(((BB43-BA43+(BB43<BA43))*24)=0,"0",(BB43-BA43+(BB43<BA43))*24),"") -> 0 | BF43: =IFERROR(IF(((BE43-BD43+(BE43<BD43))*24)=0,"0",(BE43-BD43+(BE43<BD43))*24),"") -> 0 | BI43: =IFERROR(IF(((BH43-BG43+(BH43<BG43))*24)=0,"0",(BH43-BG43+(BH43<BG43))*24),"") -> 0 | BL43: =IFERROR(IF(((BK43-BJ43+(BK43<BJ43))*24)=0,"0",(BK43-BJ43+(BK43<BJ43))*24),"") -> 0 | BO43: =IFERROR(IF(((BN43-BM43+(BN43<BM43))*24)=0,"0",(BN43-BM43+(BN43<BM43))*24),"") -> 0 | BR43: =IFERROR(IF(((BQ43-BP43+(BQ43<BP43))*24)=0,"0",(BQ43-BP43+(BQ43<BP43))*24),"") -> 0 | BU43: =IFERROR(IF(((BT43-BS43+(BT43<BS43))*24)=0,"0",(BT43-BS43+(BT43<BS43))*24),"") -> 0 | BX43: =IFERROR(IF(((BW43-BV43+(BW43<BV43))*24)=0,"0",(BW43-BV43+(BW43<BV43))*24),"") -> 0 | CA43: =IFERROR(IF(((BZ43-BY43+(BZ43<BY43))*24)=0,"0",(BZ43-BY43+(BZ43<BY43))*24),"") -> 0 | CD43: =IFERROR(IF(((CC43-CB43+(CC43<CB43))*24)=0,"0",(CC43-CB43+(CC43<CB43))*24),"") -> 0 | CG43: =IFERROR(IF(((CF43-CE43+(CF43<CE43))*24)=0,"0",(CF43-CE43+(CF43<CE43))*24),"") -> 0 | CJ43: =IFERROR(IF(((CI43-CH43+(CI43<CH43))*24)=0,"0",(CI43-CH43+(CI43<CH43))*24),"") -> 0 | CM43: =IFERROR(IF(((CL43-CK43+(CL43<CK43))*24)=0,"0",(CL43-CK43+(CL43<CK43))*24),"") -> 0 | CP43: =IFERROR(IF(((CO43-CN43+(CO43<CN43))*24)=0,"0",(CO43-CN43+(CO43<CN43))*24),"") -> 0 | CS43: =IFERROR(IF(((CR43-CQ43+(CR43<CQ43))*24)=0,"0",(CR43-CQ43+(CR43<CQ43))*24),"") -> 0 | CV43: =IFERROR(IF(((CU43-CT43+(CU43<CT43))*24)=0,"0",(CU43-CT43+(CU43<CT43))*24),"") -> 0
E44: ='2-2.근무표'!B43 -> 0 | F44: ='2-1.직원현황'!D43 -> 선택 | G44: ='2-1.직원현황'!E43 -> 파트타임 | J44: =IFERROR(IF(((I44-H44+(I44<H44))*24)=0,"0",(I44-H44+(I44<H44))*24),"") -> 0 | M44: =IFERROR(IF(((L44-K44+(L44<K44))*24)=0,"0",(L44-K44+(L44<K44))*24),"") -> 0 | P44: =IFERROR(IF(((O44-N44+(O44<N44))*24)=0,"0",(O44-N44+(O44<N44))*24),"") -> 0 | S44: =IFERROR(IF(((R44-Q44+(R44<Q44))*24)=0,"0",(R44-Q44+(R44<Q44))*24),"") -> 0 | V44: =IFERROR(IF(((U44-T44+(U44<T44))*24)=0,"0",(U44-T44+(U44<T44))*24),"") -> 0 | Y44: =IFERROR(IF(((X44-W44+(X44<W44))*24)=0,"0",(X44-W44+(X44<W44))*24),"") -> 0 | AB44: =IFERROR(IF(((AA44-Z44+(AA44<Z44))*24)=0,"0",(AA44-Z44+(AA44<Z44))*24),"") -> 0 | AE44: =IFERROR(IF(((AD44-AC44+(AD44<AC44))*24)=0,"0",(AD44-AC44+(AD44<AC44))*24),"") -> 0 | AH44: =IFERROR(IF(((AG44-AF44+(AG44<AF44))*24)=0,"0",(AG44-AF44+(AG44<AF44))*24),"") -> 0 | AK44: =IFERROR(IF(((AJ44-AI44+(AJ44<AI44))*24)=0,"0",(AJ44-AI44+(AJ44<AI44))*24),"") -> 0 | AN44: =IFERROR(IF(((AM44-AL44+(AM44<AL44))*24)=0,"0",(AM44-AL44+(AM44<AL44))*24),"") -> 0 | AQ44: =IFERROR(IF(((AP44-AO44+(AP44<AO44))*24)=0,"0",(AP44-AO44+(AP44<AO44))*24),"") -> 0 | AT44: =IFERROR(IF(((AS44-AR44+(AS44<AR44))*24)=0,"0",(AS44-AR44+(AS44<AR44))*24),"") -> 0 | AW44: =IFERROR(IF(((AV44-AU44+(AV44<AU44))*24)=0,"0",(AV44-AU44+(AV44<AU44))*24),"") -> 0 | AZ44: =IFERROR(IF(((AY44-AX44+(AY44<AX44))*24)=0,"0",(AY44-AX44+(AY44<AX44))*24),"") -> 0 | BC44: =IFERROR(IF(((BB44-BA44+(BB44<BA44))*24)=0,"0",(BB44-BA44+(BB44<BA44))*24),"") -> 0 | BF44: =IFERROR(IF(((BE44-BD44+(BE44<BD44))*24)=0,"0",(BE44-BD44+(BE44<BD44))*24),"") -> 0 | BI44: =IFERROR(IF(((BH44-BG44+(BH44<BG44))*24)=0,"0",(BH44-BG44+(BH44<BG44))*24),"") -> 0 | BL44: =IFERROR(IF(((BK44-BJ44+(BK44<BJ44))*24)=0,"0",(BK44-BJ44+(BK44<BJ44))*24),"") -> 0 | BO44: =IFERROR(IF(((BN44-BM44+(BN44<BM44))*24)=0,"0",(BN44-BM44+(BN44<BM44))*24),"") -> 0 | BR44: =IFERROR(IF(((BQ44-BP44+(BQ44<BP44))*24)=0,"0",(BQ44-BP44+(BQ44<BP44))*24),"") -> 0 | BU44: =IFERROR(IF(((BT44-BS44+(BT44<BS44))*24)=0,"0",(BT44-BS44+(BT44<BS44))*24),"") -> 0 | BX44: =IFERROR(IF(((BW44-BV44+(BW44<BV44))*24)=0,"0",(BW44-BV44+(BW44<BV44))*24),"") -> 0 | CA44: =IFERROR(IF(((BZ44-BY44+(BZ44<BY44))*24)=0,"0",(BZ44-BY44+(BZ44<BY44))*24),"") -> 0 | CD44: =IFERROR(IF(((CC44-CB44+(CC44<CB44))*24)=0,"0",(CC44-CB44+(CC44<CB44))*24),"") -> 0 | CG44: =IFERROR(IF(((CF44-CE44+(CF44<CE44))*24)=0,"0",(CF44-CE44+(CF44<CE44))*24),"") -> 0 | CJ44: =IFERROR(IF(((CI44-CH44+(CI44<CH44))*24)=0,"0",(CI44-CH44+(CI44<CH44))*24),"") -> 0 | CM44: =IFERROR(IF(((CL44-CK44+(CL44<CK44))*24)=0,"0",(CL44-CK44+(CL44<CK44))*24),"") -> 0 | CP44: =IFERROR(IF(((CO44-CN44+(CO44<CN44))*24)=0,"0",(CO44-CN44+(CO44<CN44))*24),"") -> 0 | CS44: =IFERROR(IF(((CR44-CQ44+(CR44<CQ44))*24)=0,"0",(CR44-CQ44+(CR44<CQ44))*24),"") -> 0 | CV44: =IFERROR(IF(((CU44-CT44+(CU44<CT44))*24)=0,"0",(CU44-CT44+(CU44<CT44))*24),"") -> 0
E45: ='2-2.근무표'!B44 -> 0 | F45: ='2-1.직원현황'!D44 -> 선택 | G45: ='2-1.직원현황'!E44 -> 파트타임 | J45: =IFERROR(IF(((I45-H45+(I45<H45))*24)=0,"0",(I45-H45+(I45<H45))*24),"") -> 0 | M45: =IFERROR(IF(((L45-K45+(L45<K45))*24)=0,"0",(L45-K45+(L45<K45))*24),"") -> 0 | P45: =IFERROR(IF(((O45-N45+(O45<N45))*24)=0,"0",(O45-N45+(O45<N45))*24),"") -> 0 | S45: =IFERROR(IF(((R45-Q45+(R45<Q45))*24)=0,"0",(R45-Q45+(R45<Q45))*24),"") -> 0 | V45: =IFERROR(IF(((U45-T45+(U45<T45))*24)=0,"0",(U45-T45+(U45<T45))*24),"") -> 0 | Y45: =IFERROR(IF(((X45-W45+(X45<W45))*24)=0,"0",(X45-W45+(X45<W45))*24),"") -> 0 | AB45: =IFERROR(IF(((AA45-Z45+(AA45<Z45))*24)=0,"0",(AA45-Z45+(AA45<Z45))*24),"") -> 0 | AE45: =IFERROR(IF(((AD45-AC45+(AD45<AC45))*24)=0,"0",(AD45-AC45+(AD45<AC45))*24),"") -> 0 | AH45: =IFERROR(IF(((AG45-AF45+(AG45<AF45))*24)=0,"0",(AG45-AF45+(AG45<AF45))*24),"") -> 0 | AK45: =IFERROR(IF(((AJ45-AI45+(AJ45<AI45))*24)=0,"0",(AJ45-AI45+(AJ45<AI45))*24),"") -> 0 | AN45: =IFERROR(IF(((AM45-AL45+(AM45<AL45))*24)=0,"0",(AM45-AL45+(AM45<AL45))*24),"") -> 0 | AQ45: =IFERROR(IF(((AP45-AO45+(AP45<AO45))*24)=0,"0",(AP45-AO45+(AP45<AO45))*24),"") -> 0 | AT45: =IFERROR(IF(((AS45-AR45+(AS45<AR45))*24)=0,"0",(AS45-AR45+(AS45<AR45))*24),"") -> 0 | AW45: =IFERROR(IF(((AV45-AU45+(AV45<AU45))*24)=0,"0",(AV45-AU45+(AV45<AU45))*24),"") -> 0 | AZ45: =IFERROR(IF(((AY45-AX45+(AY45<AX45))*24)=0,"0",(AY45-AX45+(AY45<AX45))*24),"") -> 0 | BC45: =IFERROR(IF(((BB45-BA45+(BB45<BA45))*24)=0,"0",(BB45-BA45+(BB45<BA45))*24),"") -> 0 | BF45: =IFERROR(IF(((BE45-BD45+(BE45<BD45))*24)=0,"0",(BE45-BD45+(BE45<BD45))*24),"") -> 0 | BI45: =IFERROR(IF(((BH45-BG45+(BH45<BG45))*24)=0,"0",(BH45-BG45+(BH45<BG45))*24),"") -> 0 | BL45: =IFERROR(IF(((BK45-BJ45+(BK45<BJ45))*24)=0,"0",(BK45-BJ45+(BK45<BJ45))*24),"") -> 0 | BO45: =IFERROR(IF(((BN45-BM45+(BN45<BM45))*24)=0,"0",(BN45-BM45+(BN45<BM45))*24),"") -> 0 | BR45: =IFERROR(IF(((BQ45-BP45+(BQ45<BP45))*24)=0,"0",(BQ45-BP45+(BQ45<BP45))*24),"") -> 0 | BU45: =IFERROR(IF(((BT45-BS45+(BT45<BS45))*24)=0,"0",(BT45-BS45+(BT45<BS45))*24),"") -> 0 | BX45: =IFERROR(IF(((BW45-BV45+(BW45<BV45))*24)=0,"0",(BW45-BV45+(BW45<BV45))*24),"") -> 0 | CA45: =IFERROR(IF(((BZ45-BY45+(BZ45<BY45))*24)=0,"0",(BZ45-BY45+(BZ45<BY45))*24),"") -> 0 | CD45: =IFERROR(IF(((CC45-CB45+(CC45<CB45))*24)=0,"0",(CC45-CB45+(CC45<CB45))*24),"") -> 0 | CG45: =IFERROR(IF(((CF45-CE45+(CF45<CE45))*24)=0,"0",(CF45-CE45+(CF45<CE45))*24),"") -> 0 | CJ45: =IFERROR(IF(((CI45-CH45+(CI45<CH45))*24)=0,"0",(CI45-CH45+(CI45<CH45))*24),"") -> 0 | CM45: =IFERROR(IF(((CL45-CK45+(CL45<CK45))*24)=0,"0",(CL45-CK45+(CL45<CK45))*24),"") -> 0 | CP45: =IFERROR(IF(((CO45-CN45+(CO45<CN45))*24)=0,"0",(CO45-CN45+(CO45<CN45))*24),"") -> 0 | CS45: =IFERROR(IF(((CR45-CQ45+(CR45<CQ45))*24)=0,"0",(CR45-CQ45+(CR45<CQ45))*24),"") -> 0 | CV45: =IFERROR(IF(((CU45-CT45+(CU45<CT45))*24)=0,"0",(CU45-CT45+(CU45<CT45))*24),"") -> 0
E46: ='2-2.근무표'!B45 -> 0 | F46: ='2-1.직원현황'!D45 -> 선택 | G46: ='2-1.직원현황'!E45 -> 파트타임 | J46: =IFERROR(IF(((I46-H46+(I46<H46))*24)=0,"0",(I46-H46+(I46<H46))*24),"") -> 0 | M46: =IFERROR(IF(((L46-K46+(L46<K46))*24)=0,"0",(L46-K46+(L46<K46))*24),"") -> 0 | P46: =IFERROR(IF(((O46-N46+(O46<N46))*24)=0,"0",(O46-N46+(O46<N46))*24),"") -> 0 | S46: =IFERROR(IF(((R46-Q46+(R46<Q46))*24)=0,"0",(R46-Q46+(R46<Q46))*24),"") -> 0 | V46: =IFERROR(IF(((U46-T46+(U46<T46))*24)=0,"0",(U46-T46+(U46<T46))*24),"") -> 0 | Y46: =IFERROR(IF(((X46-W46+(X46<W46))*24)=0,"0",(X46-W46+(X46<W46))*24),"") -> 0 | AB46: =IFERROR(IF(((AA46-Z46+(AA46<Z46))*24)=0,"0",(AA46-Z46+(AA46<Z46))*24),"") -> 0 | AE46: =IFERROR(IF(((AD46-AC46+(AD46<AC46))*24)=0,"0",(AD46-AC46+(AD46<AC46))*24),"") -> 0 | AH46: =IFERROR(IF(((AG46-AF46+(AG46<AF46))*24)=0,"0",(AG46-AF46+(AG46<AF46))*24),"") -> 0 | AK46: =IFERROR(IF(((AJ46-AI46+(AJ46<AI46))*24)=0,"0",(AJ46-AI46+(AJ46<AI46))*24),"") -> 0 | AN46: =IFERROR(IF(((AM46-AL46+(AM46<AL46))*24)=0,"0",(AM46-AL46+(AM46<AL46))*24),"") -> 0 | AQ46: =IFERROR(IF(((AP46-AO46+(AP46<AO46))*24)=0,"0",(AP46-AO46+(AP46<AO46))*24),"") -> 0 | AT46: =IFERROR(IF(((AS46-AR46+(AS46<AR46))*24)=0,"0",(AS46-AR46+(AS46<AR46))*24),"") -> 0 | AW46: =IFERROR(IF(((AV46-AU46+(AV46<AU46))*24)=0,"0",(AV46-AU46+(AV46<AU46))*24),"") -> 0 | AZ46: =IFERROR(IF(((AY46-AX46+(AY46<AX46))*24)=0,"0",(AY46-AX46+(AY46<AX46))*24),"") -> 0 | BC46: =IFERROR(IF(((BB46-BA46+(BB46<BA46))*24)=0,"0",(BB46-BA46+(BB46<BA46))*24),"") -> 0 | BF46: =IFERROR(IF(((BE46-BD46+(BE46<BD46))*24)=0,"0",(BE46-BD46+(BE46<BD46))*24),"") -> 0 | BI46: =IFERROR(IF(((BH46-BG46+(BH46<BG46))*24)=0,"0",(BH46-BG46+(BH46<BG46))*24),"") -> 0 | BL46: =IFERROR(IF(((BK46-BJ46+(BK46<BJ46))*24)=0,"0",(BK46-BJ46+(BK46<BJ46))*24),"") -> 0 | BO46: =IFERROR(IF(((BN46-BM46+(BN46<BM46))*24)=0,"0",(BN46-BM46+(BN46<BM46))*24),"") -> 0 | BR46: =IFERROR(IF(((BQ46-BP46+(BQ46<BP46))*24)=0,"0",(BQ46-BP46+(BQ46<BP46))*24),"") -> 0 | BU46: =IFERROR(IF(((BT46-BS46+(BT46<BS46))*24)=0,"0",(BT46-BS46+(BT46<BS46))*24),"") -> 0 | BX46: =IFERROR(IF(((BW46-BV46+(BW46<BV46))*24)=0,"0",(BW46-BV46+(BW46<BV46))*24),"") -> 0 | CA46: =IFERROR(IF(((BZ46-BY46+(BZ46<BY46))*24)=0,"0",(BZ46-BY46+(BZ46<BY46))*24),"") -> 0 | CD46: =IFERROR(IF(((CC46-CB46+(CC46<CB46))*24)=0,"0",(CC46-CB46+(CC46<CB46))*24),"") -> 0 | CG46: =IFERROR(IF(((CF46-CE46+(CF46<CE46))*24)=0,"0",(CF46-CE46+(CF46<CE46))*24),"") -> 0 | CJ46: =IFERROR(IF(((CI46-CH46+(CI46<CH46))*24)=0,"0",(CI46-CH46+(CI46<CH46))*24),"") -> 0 | CM46: =IFERROR(IF(((CL46-CK46+(CL46<CK46))*24)=0,"0",(CL46-CK46+(CL46<CK46))*24),"") -> 0 | CP46: =IFERROR(IF(((CO46-CN46+(CO46<CN46))*24)=0,"0",(CO46-CN46+(CO46<CN46))*24),"") -> 0 | CS46: =IFERROR(IF(((CR46-CQ46+(CR46<CQ46))*24)=0,"0",(CR46-CQ46+(CR46<CQ46))*24),"") -> 0 | CV46: =IFERROR(IF(((CU46-CT46+(CU46<CT46))*24)=0,"0",(CU46-CT46+(CU46<CT46))*24),"") -> 0
E47: 총 근로자 | H47: =COUNTA(H32:H46) -> 0 | K47: =COUNTA(K32:K46) -> 0 | N47: =COUNTA(N32:N46) -> 0 | Q47: =COUNTA(Q32:Q46) -> 0 | T47: =COUNTA(T32:T46) -> 0 | W47: =COUNTA(W32:W46) -> 0 | Z47: =COUNTA(Z32:Z46) -> 0 | AC47: =COUNTA(AC32:AC46) -> 0 | AF47: =COUNTA(AF32:AF46) -> 0 | AI47: =COUNTA(AI32:AI46) -> 0 | AL47: =COUNTA(AL32:AL46) -> 0 | AO47: =COUNTA(AO32:AO46) -> 0 | AR47: =COUNTA(AR32:AR46) -> 0 | AU47: =COUNTA(AU32:AU46) -> 0 | AX47: =COUNTA(AX32:AX46) -> 0 | BA47: =COUNTA(BA32:BA46) -> 0 | BD47: =COUNTA(BD32:BD46) -> 0 | BG47: =COUNTA(BG32:BG46) -> 0 | BJ47: =COUNTA(BJ32:BJ46) -> 0 | BM47: =COUNTA(BM32:BM46) -> 0 | BP47: =COUNTA(BP32:BP46) -> 0 | BS47: =COUNTA(BS32:BS46) -> 0 | BV47: =COUNTA(BV32:BV46) -> 0 | BY47: =COUNTA(BY32:BY46) -> 0 | CB47: =COUNTA(CB32:CB46) -> 0 | CE47: =COUNTA(CE32:CE46) -> 0 | CH47: =COUNTA(CH32:CH46) -> 0 | CK47: =COUNTA(CK32:CK46) -> 0 | CN47: =COUNTA(CN32:CN46) -> 0 | CQ47: =COUNTA(CQ32:CQ46) -> 0 | CT47: =COUNT(CT32:CT46) -> 0

Sheet 3.원,부재료
A1: ■ 원재료 입고현황 | D1: ='0.기초및고정비'!C4&'0.기초및고정비'!D4 -> 2026년4월 | G1: 핑크색 부분만 작성 | O1: 데일리단가원재료' 시트 입력시 자동입력(건들지 말것)
O2: ↓ | P2: ↓
A3: 일자 | B3: 총 매입액 | C3: 식자재 | J3: 주류/음료 | O3: 데일리 단가변동 체크 원재료 | R3: 본사/현장구매
C4: 전용식자재 | D4: 식자재 | J4: 주류 | K4: 기타주류 | L4: 기타주류 | M4: 음료 | O4: ='4.데일리단가원재료'!H1 -> 0 | P4: ='4.데일리단가원재료2'!H1 -> 0 | R4: 본사 구매분 | S4: 현장구매(법카) | T4: ←품목명
C5: 청정 | D5: 오대양 | E5: 순수한참치 | F5: 오에스케이 | G5: 퐁당수산 | H5: 인영수산 | J5: 대정 | M5: 수별 | O5: ='4.데일리단가원재료'!L1 -> 0 | P5: ='4.데일리단가원재료2'!L1 -> 0 | R5: 다수 | S5: 다수 | T5: ←업체명
C6: 입고금액 | D6: 입고금액 | E6: 입고금액 | F6: 입고금액 | G6: 입고금액 | H6: 입고금액 | I6: 입고금액 | J6: 입고금액 | K6: 입고금액 | L6: 입고금액 | M6: 입고금액 | O6: 입고금액 | P6: 입고금액 | R6: 입고금액 | S6: 입고금액
A7: 1 | B7: =SUM(C7:S7) -> 316000 | O7: =HLOOKUP(A7,'4.데일리단가원재료'!$B$3:$CP$38,36) -> 0 | P7: =HLOOKUP(A7,'4.데일리단가원재료2'!$B$3:$CP$38,36) -> 0 | R7: =IFERROR(VLOOKUP(A7,※계좌이체!$A$6:$B$191,2,0),0) -> 105000 | S7: ='5.법카,시재지출'!N12 -> 211000
A8: 2 | B8: =SUM(C8:S8) -> 963720 | C8: 92820 | D8: 708300 | M8: 74600 | O8: =HLOOKUP(A8,'4.데일리단가원재료'!$B$3:$CP$38,36) -> 0 | P8: =HLOOKUP(A8,'4.데일리단가원재료2'!$B$3:$CP$38,36) -> 0 | R8: =IFERROR(VLOOKUP(A8,※계좌이체!$A$6:$B$191,2,0),0) -> 88000 | S8: ='5.법카,시재지출'!N19 -> 0
A9: 3 | B9: =SUM(C9:S9) -> 1420808 | C9: 443888 | D9: 513150 | G9: 110000 | J9: 341770 | O9: =HLOOKUP(A9,'4.데일리단가원재료'!$B$3:$CP$38,36) -> 0 | P9: =HLOOKUP(A9,'4.데일리단가원재료2'!$B$3:$CP$38,36) -> 0 | R9: =IFERROR(VLOOKUP(A9,※계좌이체!$A$6:$B$191,2,0),0) -> 0 | S9: ='5.법카,시재지출'!N26 -> 12000
A10: 4 | B10: =SUM(C10:S10) -> 1115050 | D10: 1115050 | O10: =HLOOKUP(A10,'4.데일리단가원재료'!$B$3:$CP$38,36) -> 0 | P10: =HLOOKUP(A10,'4.데일리단가원재료2'!$B$3:$CP$38,36) -> 0 | R10: =IFERROR(VLOOKUP(A10,※계좌이체!$A$6:$B$191,2,0),0) -> 0 | S10: ='5.법카,시재지출'!N33 -> 0
A11: 5 | B11: =SUM(C11:S11) -> 0 | O11: =HLOOKUP(A11,'4.데일리단가원재료'!$B$3:$CP$38,36) -> 0 | P11: =HLOOKUP(A11,'4.데일리단가원재료2'!$B$3:$CP$38,36) -> 0 | R11: =IFERROR(VLOOKUP(A11,※계좌이체!$A$6:$B$191,2,0),0) -> 0 | S11: ='5.법카,시재지출'!N40 -> 0
A12: 6 | B12: =SUM(C12:S12) -> 2121000 | C12: 534300 | D12: 493500 | F12: 251000 | J12: 431200 | M12: 36000 | O12: =HLOOKUP(A12,'4.데일리단가원재료'!$B$3:$CP$38,36) -> 0 | P12: =HLOOKUP(A12,'4.데일리단가원재료2'!$B$3:$CP$38,36) -> 0 | R12: =IFERROR(VLOOKUP(A12,※계좌이체!$A$6:$B$191,2,0),0) -> 375000 | S12: ='5.법카,시재지출'!N47 -> 0
A13: 7 | B13: =SUM(C13:S13) -> 292100 | C13: 105100 | D13: 96000 | O13: =HLOOKUP(A13,'4.데일리단가원재료'!$B$3:$CP$38,36) -> 0 | P13: =HLOOKUP(A13,'4.데일리단가원재료2'!$B$3:$CP$38,36) -> 0 | R13: =IFERROR(VLOOKUP(A13,※계좌이체!$A$6:$B$191,2,0),0) -> 79000 | S13: ='5.법카,시재지출'!N54 -> 12000
A14: 8 | B14: =SUM(C14:S14) -> 434150 | C14: 162100 | D14: 226050 | O14: =HLOOKUP(A14,'4.데일리단가원재료'!$B$3:$CP$38,36) -> 0 | P14: =HLOOKUP(A14,'4.데일리단가원재료2'!$B$3:$CP$38,36) -> 0 | R14: =IFERROR(VLOOKUP(A14,※계좌이체!$A$6:$B$191,2,0),0) -> 0 | S14: ='5.법카,시재지출'!N61 -> 46000
A15: 9 | B15: =SUM(C15:S15) -> 520090 | C15: 106340 | D15: 413750 | O15: =HLOOKUP(A15,'4.데일리단가원재료'!$B$3:$CP$38,36) -> 0 | P15: =HLOOKUP(A15,'4.데일리단가원재료2'!$B$3:$CP$38,36) -> 0 | R15: =IFERROR(VLOOKUP(A15,※계좌이체!$A$6:$B$191,2,0),0) -> 0 | S15: ='5.법카,시재지출'!N68 -> 0
A16: 10 | B16: =SUM(C16:S16) -> 1192680 | C16: 199580 | D16: 705600 | J16: 287500 | O16: =HLOOKUP(A16,'4.데일리단가원재료'!$B$3:$CP$38,36) -> 0 | P16: =HLOOKUP(A16,'4.데일리단가원재료2'!$B$3:$CP$38,36) -> 0 | R16: =IFERROR(VLOOKUP(A16,※계좌이체!$A$6:$B$191,2,0),0) -> 0 | S16: ='5.법카,시재지출'!N75 -> 0
A17: 11 | B17: =SUM(C17:S17) -> 1103584 | C17: 272134 | D17: 747950 | F17: 83500 | O17: =HLOOKUP(A17,'4.데일리단가원재료'!$B$3:$CP$38,36) -> 0 | P17: =HLOOKUP(A17,'4.데일리단가원재료2'!$B$3:$CP$38,36) -> 0 | R17: =IFERROR(VLOOKUP(A17,※계좌이체!$A$6:$B$191,2,0),0) -> 0 | S17: ='5.법카,시재지출'!N82 -> 0
A18: 12 | B18: =SUM(C18:S18) -> 613950 | D18: 419500 | O18: =HLOOKUP(A18,'4.데일리단가원재료'!$B$3:$CP$38,36) -> 0 | P18: =HLOOKUP(A18,'4.데일리단가원재료2'!$B$3:$CP$38,36) -> 0 | R18: =IFERROR(VLOOKUP(A18,※계좌이체!$A$6:$B$191,2,0),0) -> 148350 | S18: ='5.법카,시재지출'!N89 -> 46100
A19: 13 | B19: =SUM(C19:S19) -> 1819800 | C19: 435820 | D19: 450200 | G19: 215000 | J19: 662180 | M19: 56600 | O19: =HLOOKUP(A19,'4.데일리단가원재료'!$B$3:$CP$38,36) -> 0 | P19: =HLOOKUP(A19,'4.데일리단가원재료2'!$B$3:$CP$38,36) -> 0 | R19: =IFERROR(VLOOKUP(A19,※계좌이체!$A$6:$B$191,2,0),0) -> 0 | S19: ='5.법카,시재지출'!N96 -> 0
A20: 14 | B20: =SUM(C20:S20) -> 362800 | D20: 362800 | O20: =HLOOKUP(A20,'4.데일리단가원재료'!$B$3:$CP$38,36) -> 0 | P20: =HLOOKUP(A20,'4.데일리단가원재료2'!$B$3:$CP$38,36) -> 0 | R20: =IFERROR(VLOOKUP(A20,※계좌이체!$A$6:$B$191,2,0),0) -> 0 | S20: ='5.법카,시재지출'!N103 -> 0
A21: 15 | B21: =SUM(C21:S21) -> 1414560 | C21: 373660 | D21: 737900 | E21: 231000 | J21: 72000 | O21: =HLOOKUP(A21,'4.데일리단가원재료'!$B$3:$CP$38,36) -> 0 | P21: =HLOOKUP(A21,'4.데일리단가원재료2'!$B$3:$CP$38,36) -> 0 | R21: =IFERROR(VLOOKUP(A21,※계좌이체!$A$6:$B$191,2,0),0) -> 0 | S21: ='5.법카,시재지출'!N110 -> 0
A22: 16 | B22: =SUM(C22:S22) -> 1864785 | C22: 374485 | D22: 1108200 | J22: 382100 | O22: =HLOOKUP(A22,'4.데일리단가원재료'!$B$3:$CP$38,36) -> 0 | P22: =HLOOKUP(A22,'4.데일리단가원재료2'!$B$3:$CP$38,36) -> 0 | R22: =IFERROR(VLOOKUP(A22,※계좌이체!$A$6:$B$191,2,0),0) -> 0 | S22: ='5.법카,시재지출'!N117 -> 0
A23: 17 | B23: =SUM(C23:S23) -> 2185640 | C23: 382640 | D23: 907450 | J23: 814850 | M23: 74600 | O23: =HLOOKUP(A23,'4.데일리단가원재료'!$B$3:$CP$38,36) -> 0 | P23: =HLOOKUP(A23,'4.데일리단가원재료2'!$B$3:$CP$38,36) -> 0 | R23: =IFERROR(VLOOKUP(A23,※계좌이체!$A$6:$B$191,2,0),0) -> 0 | S23: ='5.법카,시재지출'!N124 -> 6100
A24: 18 | B24: =SUM(C24:S24) -> 1249992 | C24: 542992 | D24: 697600 | O24: =HLOOKUP(A24,'4.데일리단가원재료'!$B$3:$CP$38,36) -> 0 | P24: =HLOOKUP(A24,'4.데일리단가원재료2'!$B$3:$CP$38,36) -> 0 | R24: =IFERROR(VLOOKUP(A24,※계좌이체!$A$6:$B$191,2,0),0) -> 0 | S24: ='5.법카,시재지출'!N131 -> 9400
A25: 19 | B25: =SUM(C25:S25) -> 665050 | D25: 665050 | O25: =HLOOKUP(A25,'4.데일리단가원재료'!$B$3:$CP$38,36) -> 0 | P25: =HLOOKUP(A25,'4.데일리단가원재료2'!$B$3:$CP$38,36) -> 0 | R25: =IFERROR(VLOOKUP(A25,※계좌이체!$A$6:$B$191,2,0),0) -> 0 | S25: ='5.법카,시재지출'!N138 -> 0
A26: 20 | B26: =SUM(C26:S26) -> 2242745 | C26: 446215 | D26: 331150 | E26: 486200 | G26: 320000 | J26: 622380 | M26: 36800 | O26: =HLOOKUP(A26,'4.데일리단가원재료'!$B$3:$CP$38,36) -> 0 | P26: =HLOOKUP(A26,'4.데일리단가원재료2'!$B$3:$CP$38,36) -> 0 | R26: =IFERROR(VLOOKUP(A26,※계좌이체!$A$6:$B$191,2,0),0) -> 0 | S26: ='5.법카,시재지출'!N145 -> 0
A27: 21 | B27: =SUM(C27:S27) -> 673500 | D27: 277000 | F27: 325000 | J27: 71500 | O27: =HLOOKUP(A27,'4.데일리단가원재료'!$B$3:$CP$38,36) -> 0 | P27: =HLOOKUP(A27,'4.데일리단가원재료2'!$B$3:$CP$38,36) -> 0 | R27: =IFERROR(VLOOKUP(A27,※계좌이체!$A$6:$B$191,2,0),0) -> 0 | S27: ='5.법카,시재지출'!N152 -> 0
A28: 22 | B28: =SUM(C28:S28) -> 1077870 | C28: 211520 | D28: 699050 | J28: 167300 | O28: =HLOOKUP(A28,'4.데일리단가원재료'!$B$3:$CP$38,36) -> 0 | P28: =HLOOKUP(A28,'4.데일리단가원재료2'!$B$3:$CP$38,36) -> 0 | R28: =IFERROR(VLOOKUP(A28,※계좌이체!$A$6:$B$191,2,0),0) -> 0 | S28: ='5.법카,시재지출'!N159 -> 0
A29: 23 | B29: =SUM(C29:S29) -> 1535340 | C29: 388090 | D29: 789650 | J29: 217600 | M29: 76400 | O29: =HLOOKUP(A29,'4.데일리단가원재료'!$B$3:$CP$38,36) -> 0 | P29: =HLOOKUP(A29,'4.데일리단가원재료2'!$B$3:$CP$38,36) -> 0 | R29: =IFERROR(VLOOKUP(A29,※계좌이체!$A$6:$B$191,2,0),0) -> 63600 | S29: ='5.법카,시재지출'!N166 -> 0
A30: 24 | B30: =SUM(C30:S30) -> 1658070 | C30: 331190 | D30: 647050 | J30: 679830 | O30: =HLOOKUP(A30,'4.데일리단가원재료'!$B$3:$CP$38,36) -> 0 | P30: =HLOOKUP(A30,'4.데일리단가원재료2'!$B$3:$CP$38,36) -> 0 | R30: =IFERROR(VLOOKUP(A30,※계좌이체!$A$6:$B$191,2,0),0) -> 0 | S30: ='5.법카,시재지출'!N173 -> 0
A31: 25 | B31: =SUM(C31:S31) -> 1194660 | C31: 486760 | D31: 707900 | O31: =HLOOKUP(A31,'4.데일리단가원재료'!$B$3:$CP$38,36) -> 0 | P31: =HLOOKUP(A31,'4.데일리단가원재료2'!$B$3:$CP$38,36) -> 0 | R31: =IFERROR(VLOOKUP(A31,※계좌이체!$A$6:$B$191,2,0),0) -> 0 | S31: ='5.법카,시재지출'!N180 -> 0
